ws_kb,pages,K,ns_per_access,mlp_eff
1024,4k,1,12.67,1.0
1024,4k,2,5.87,2.2
1024,4k,4,4.36,2.9
1024,4k,8,2.44,5.2
1024,4k,12,1.58,8.0
1024,4k,16,1.17,10.8
1024,4k,24,1.01,12.6
1024,4k,32,0.93,13.6
1024,4k,48,0.89,14.2
1024,4k,64,0.89,14.2
8192,4k,1,78.38,1.0
8192,4k,2,38.50,2.0
8192,4k,4,25.17,3.1
8192,4k,8,12.63,6.2
8192,4k,12,8.97,8.7
8192,4k,16,7.25,10.8
8192,4k,24,5.20,15.1
8192,4k,32,4.71,16.6
8192,4k,48,4.89,16.0
8192,4k,64,2.25,34.9
16384,4k,1,97.44,1.0
16384,4k,2,49.95,2.0
16384,4k,4,36.91,2.6
16384,4k,8,19.01,5.1
16384,4k,12,12.85,7.6
16384,4k,16,10.64,9.2
16384,4k,24,8.48,11.5
16384,4k,32,9.25,10.5
16384,4k,48,10.33,9.4
16384,4k,64,9.54,10.2
65536,4k,1,388.83,1.0
65536,4k,2,167.73,2.3
65536,4k,4,81.63,4.8
65536,4k,8,34.02,11.4
65536,4k,12,21.52,18.1
65536,4k,16,17.03,22.8
65536,4k,24,15.08,25.8
65536,4k,32,15.96,24.4
65536,4k,48,18.55,21.0
65536,4k,64,18.88,20.6
262144,4k,1,370.14,1.0
262144,4k,2,161.28,2.3
262144,4k,4,103.47,3.6
262144,4k,8,61.92,6.0
262144,4k,12,51.08,7.2
262144,4k,16,36.00,10.3
262144,4k,24,22.75,16.3
262144,4k,32,24.93,14.8
262144,4k,48,23.95,15.5
262144,4k,64,22.52,16.4
sink=1711817469 anon_huge_kb(last)=0
