exp,session,toolchain,variant,alg,keys,order,N,U,pool,batch,calls_per_block,blocks,median_ns_el,min_ns_el,max_ns_el,spread_pct,blocks_ns_el
E9,s1,gcc13-libstdc++,thp_malloc,sort,random64,random,1048576,1048576,64,1,2,7,81.991,81.788,83.841,2.5,83.841;82.856;83.186;81.788;81.813;81.991;81.859
E9,s1,gcc13-libstdc++,thp_malloc,uset,random64,random,1048576,1048576,64,1,2,7,245.163,206.355,291.068,34.6,291.068;271.264;274.731;238.448;206.355;236.379;245.163
E9,s1,gcc13-libstdc++,thp_malloc,radix,random64,random,1048576,1048576,64,1,2,7,41.950,40.186,53.879,32.6,40.270;45.450;42.384;40.186;40.856;53.879;41.950
E9,s1,gcc13-libstdc++,thp_malloc,flat,random64,random,1048576,1048576,64,1,2,7,86.538,70.775,107.799,42.8,71.041;101.840;107.799;81.692;70.775;92.132;86.538
E9,s1,gcc13-libstdc++,default_malloc,sort,random64,random,1048576,1048576,64,1,2,7,81.724,81.119,83.481,2.9,81.895;81.724;82.485;83.481;81.119;81.272;81.198
E9,s1,gcc13-libstdc++,default_malloc,uset,random64,random,1048576,1048576,64,1,2,7,252.535,233.154,299.238,26.2,299.238;233.154;254.258;249.894;252.535;237.640;256.073
E9,s1,gcc13-libstdc++,default_malloc,radix,random64,random,1048576,1048576,64,1,2,7,40.740,39.017,42.186,7.8,40.740;41.297;42.186;39.951;40.476;39.017;40.962
E9,s1,gcc13-libstdc++,default_malloc,flat,random64,random,1048576,1048576,64,1,2,7,40.946,38.023,49.586,28.2,49.586;43.468;43.198;38.997;38.023;40.351;40.946
E9,s1,gcc13-libstdc++,thp_malloc,sort,random64,random,1048576,524288,64,1,2,7,85.263,84.507,92.015,8.8,85.263;92.015;85.690;84.507;85.128;85.429;84.778
E9,s1,gcc13-libstdc++,thp_malloc,uset,random64,random,1048576,524288,64,1,2,7,112.643,109.401,131.141,19.3,131.141;116.839;119.452;110.356;109.401;112.455;112.643
E9,s1,gcc13-libstdc++,default_malloc,sort,random64,random,1048576,524288,64,1,2,7,85.644,84.601,88.731,4.8,84.886;84.601;85.644;85.444;86.321;88.627;88.731
E9,s1,gcc13-libstdc++,default_malloc,uset,random64,random,1048576,524288,64,1,2,7,88.864,87.004,100.076,14.7,92.238;89.422;88.465;87.004;88.287;100.076;88.864
E9,s1,clang18-libc++,thp_malloc,sort,random64,random,1048576,1048576,64,1,2,7,86.980,85.175,89.233,4.7,87.690;85.362;86.039;89.233;87.274;86.980;85.175
E9,s1,clang18-libc++,thp_malloc,uset,random64,random,1048576,1048576,64,1,2,7,249.503,232.152,308.198,30.5,268.671;235.066;308.198;276.538;249.503;232.152;240.783
E9,s1,clang18-libc++,thp_malloc,radix,random64,random,1048576,1048576,64,1,2,7,42.009,40.093,51.685,27.6,42.301;40.258;42.667;41.972;42.009;51.685;40.093
E9,s1,clang18-libc++,thp_malloc,flat,random64,random,1048576,1048576,64,1,2,7,93.118,75.740,115.253,42.4,75.740;104.077;115.253;93.118;83.712;96.321;90.311
E9,s1,clang18-libc++,default_malloc,sort,random64,random,1048576,1048576,64,1,2,7,86.582,84.529,92.217,8.9,85.499;92.217;84.529;86.478;87.454;86.582;86.917
E9,s1,clang18-libc++,default_malloc,uset,random64,random,1048576,1048576,64,1,2,7,248.919,242.003,284.116,16.9,284.116;251.932;250.513;242.370;248.008;248.919;242.003
E9,s1,clang18-libc++,default_malloc,radix,random64,random,1048576,1048576,64,1,2,7,40.174,37.341,57.676,50.6,57.676;40.174;40.271;39.971;39.399;37.341;41.285
E9,s1,clang18-libc++,default_malloc,flat,random64,random,1048576,1048576,64,1,2,7,43.533,38.463,45.811,16.9,42.110;45.322;45.811;40.558;38.463;43.636;43.533
E9,s1,clang18-libc++,thp_malloc,sort,random64,random,1048576,524288,64,1,2,7,89.253,88.519,89.560,1.2,88.695;88.570;89.253;89.506;89.447;88.519;89.560
E9,s1,clang18-libc++,thp_malloc,uset,random64,random,1048576,524288,64,1,2,7,115.768,113.417,124.984,10.0,113.417;115.844;114.252;124.984;117.034;114.179;115.768
E9,s1,clang18-libc++,default_malloc,sort,random64,random,1048576,524288,64,1,2,7,90.441,89.471,91.698,2.5,91.164;90.084;91.698;90.441;90.665;89.471;90.339
E9,s1,clang18-libc++,default_malloc,uset,random64,random,1048576,524288,64,1,2,7,93.443,90.792,113.607,24.4,95.204;113.607;96.092;92.187;93.443;90.792;92.651
E9,s2,gcc13-libstdc++,thp_malloc,sort,random64,random,1048576,1048576,64,1,2,7,83.107,81.537,84.842,4.0,84.842;82.579;83.107;83.316;83.949;82.923;81.537
E9,s2,gcc13-libstdc++,thp_malloc,uset,random64,random,1048576,1048576,64,1,2,7,216.423,199.241,298.135,45.7,298.135;213.184;229.324;217.576;211.884;199.241;216.423
E9,s2,gcc13-libstdc++,thp_malloc,radix,random64,random,1048576,1048576,64,1,2,7,40.262,38.936,56.177,42.8,40.262;40.750;40.813;40.082;39.767;56.177;38.936
E9,s2,gcc13-libstdc++,thp_malloc,flat,random64,random,1048576,1048576,64,1,2,7,87.293,71.393,100.825,33.7,75.619;96.890;100.825;89.995;71.393;85.264;87.293
E9,s2,gcc13-libstdc++,default_malloc,sort,random64,random,1048576,1048576,64,1,2,7,83.696,82.363,84.743,2.8,83.526;83.543;83.696;84.743;82.363;84.183;84.282
E9,s2,gcc13-libstdc++,default_malloc,uset,random64,random,1048576,1048576,64,1,2,7,259.966,226.933,290.905,24.6,290.905;271.009;262.068;250.776;226.933;239.400;259.966
E9,s2,gcc13-libstdc++,default_malloc,radix,random64,random,1048576,1048576,64,1,2,7,39.433,37.937,41.417,8.8,39.433;39.696;41.417;38.638;38.690;37.937;41.094
E9,s2,gcc13-libstdc++,default_malloc,flat,random64,random,1048576,1048576,64,1,2,7,39.967,37.353,44.320,17.4,39.967;43.299;44.320;39.635;37.353;40.762;39.920
E9,s2,gcc13-libstdc++,thp_malloc,sort,random64,random,1048576,524288,64,1,2,7,87.969,86.746,89.987,3.7,87.007;87.839;88.681;87.969;88.396;89.987;86.746
E9,s2,gcc13-libstdc++,thp_malloc,uset,random64,random,1048576,524288,64,1,2,7,115.988,107.780,128.643,18.0,128.643;115.058;117.594;113.333;107.780;115.988;119.311
E9,s2,gcc13-libstdc++,default_malloc,sort,random64,random,1048576,524288,64,1,2,7,89.887,86.141,92.982,7.6,89.887;92.982;89.965;89.890;89.600;87.984;86.141
E9,s2,gcc13-libstdc++,default_malloc,uset,random64,random,1048576,524288,64,1,2,7,97.444,88.512,103.625,15.5,103.625;102.137;97.444;98.036;93.438;88.512;90.057
E9,s2,clang18-libc++,thp_malloc,sort,random64,random,1048576,1048576,64,1,2,7,85.449,84.649,86.596,2.3,84.649;86.581;86.398;86.596;85.059;85.449;85.115
E9,s2,clang18-libc++,thp_malloc,uset,random64,random,1048576,1048576,64,1,2,7,248.277,225.202,254.065,11.6,254.065;225.202;248.590;243.063;231.063;248.277;249.394
E9,s2,clang18-libc++,thp_malloc,radix,random64,random,1048576,1048576,64,1,2,7,40.853,38.931,51.365,30.4,38.931;46.587;41.218;40.701;40.853;51.365;39.969
E9,s2,clang18-libc++,thp_malloc,flat,random64,random,1048576,1048576,64,1,2,7,92.332,75.063,111.143,39.1,75.063;100.108;111.143;94.790;85.041;90.989;92.332
E9,s2,clang18-libc++,default_malloc,sort,random64,random,1048576,1048576,64,1,2,7,84.980,84.445,87.130,3.2,87.130;84.777;84.445;86.873;84.980;85.777;84.584
E9,s2,clang18-libc++,default_malloc,uset,random64,random,1048576,1048576,64,1,2,7,241.701,217.553,267.357,20.6,241.701;249.544;240.769;267.357;243.974;221.924;217.553
E9,s2,clang18-libc++,default_malloc,radix,random64,random,1048576,1048576,64,1,2,7,38.930,36.124,41.706,14.3,38.797;38.018;41.636;39.862;41.706;36.124;38.930
E9,s2,clang18-libc++,default_malloc,flat,random64,random,1048576,1048576,64,1,2,7,41.382,40.121,50.133,24.2,50.133;44.707;46.082;40.121;40.753;41.382;40.618
E9,s2,clang18-libc++,thp_malloc,sort,random64,random,1048576,524288,64,1,2,7,88.767,87.915,99.265,12.8,88.923;88.767;99.265;89.502;88.662;88.407;87.915
E9,s2,clang18-libc++,thp_malloc,uset,random64,random,1048576,524288,64,1,2,7,113.422,107.822,118.412,9.3,114.476;113.500;118.412;113.422;111.847;107.822;111.503
E9,s2,clang18-libc++,default_malloc,sort,random64,random,1048576,524288,64,1,2,7,100.201,92.303,120.682,28.3,120.682;94.840;92.303;99.444;109.942;100.201;101.290
E9,s2,clang18-libc++,default_malloc,uset,random64,random,1048576,524288,64,1,2,7,108.142,87.804,111.976,22.4,111.976;100.692;108.142;87.804;109.351;109.569;107.999
