session,toolchain,alg,N,U,insert_ns_el,assign_ns_el,dtor_ns_el,total_ns_el
s3,gcc13-libstdc++,uset,1048576,1048576,102.0,59.7,67.0,236.9
s3,gcc13-libstdc++,flat,1048576,1048576,14.0,17.7,0.0,31.7
s3,gcc13-libstdc++,uset,1048576,1048576,103.2,66.7,71.4,245.9
s3,gcc13-libstdc++,flat,1048576,1048576,14.2,17.7,0.0,31.9
s3,gcc13-libstdc++,uset,1048576,524288,44.7,12.4,19.3,76.4
s3,gcc13-libstdc++,flat,1048576,524288,15.6,11.7,0.0,27.3
s3,gcc13-libstdc++,uset,1048576,524288,48.8,12.8,20.3,82.8
s3,gcc13-libstdc++,flat,1048576,524288,16.8,12.0,0.0,29.0
s3,clang18-libc++,uset,1048576,1048576,94.6,56.5,65.1,217.4
s3,clang18-libc++,flat,1048576,1048576,13.8,16.3,0.0,30.0
s3,clang18-libc++,uset,1048576,1048576,91.5,56.2,65.1,214.7
s3,clang18-libc++,flat,1048576,1048576,12.9,16.4,0.0,29.2
s3,clang18-libc++,uset,1048576,524288,46.5,12.8,18.7,78.0
s3,clang18-libc++,flat,1048576,524288,14.9,10.9,0.0,25.8
s3,clang18-libc++,uset,1048576,524288,49.5,13.2,19.0,82.5
s3,clang18-libc++,flat,1048576,524288,15.7,11.0,0.0,26.7
