variant,N,insert_ms,erase_ms,total_ms,ns_per_insert,ns_per_erase
list_linear,1000,0.350,0.290,0.640,349.9,290.3
vector_linear,1000,0.085,0.011,0.096,84.9,11.2
vector_binary,1000,0.043,0.011,0.054,43.3,11.2
list_linear,10000,203.124,198.065,401.189,20312.4,19806.5
vector_linear,10000,7.155,13.795,20.949,715.5,1379.5
vector_binary,10000,1.179,13.928,15.107,117.9,1392.8
list_linear,100000,50141.618,147895.462,198037.080,501416.2,1478954.6
vector_linear,100000,2423.458,7838.417,10261.875,24234.6,78384.2
vector_binary,100000,479.811,7939.516,8419.327,4798.1,79395.2
