# stride=64 thp=0  columns: size_KB,elements,pages4K,ns_per_load,anon_huge_KB
16,256,4,1.31,0
32,512,8,1.31,0
48,768,12,1.31,0
64,1024,16,4.14,0
96,1536,24,4.15,0
128,2048,32,4.16,0
256,4096,64,4.16,0
512,8192,128,4.63,0
768,12288,192,5.11,0
1024,16384,256,5.36,0
1280,20480,320,6.19,0
1536,24576,384,8.93,0
1792,28672,448,13.56,0
2048,32768,512,20.04,0
2304,36864,576,22.69,0
2560,40960,640,26.64,0
3072,49152,768,32.12,0
4096,65536,1024,36.06,0
6144,98304,1536,35.69,0
8192,131072,2048,43.58,0
12288,196608,3072,39.26,0
16384,262144,4096,41.05,0
24576,393216,6144,43.71,0
32768,524288,8192,44.87,0
49152,786432,12288,50.42,0
65536,1048576,16384,64.68,0
98304,1572864,24576,125.04,0
131072,2097152,32768,153.05,0
196608,3145728,49152,214.65,0
262144,4194304,65536,183.82,0
393216,6291456,98304,196.63,0
524288,8388608,131072,203.08,0
786432,12582912,196608,219.76,0
1048576,16777216,262144,232.87,0
