group,toolchain,cache,alg,mode,N,U,keys,order,calls,elements,Ir/el,Dr/el,Dw/el,I1mr/el,D1mr/el,D1mw/el,ILmr/el,DLmr/el,DLmw/el,Bc/el,Bcm/el,Bi/el,Bim/el,DLm/el,D1m/el
curve,gcc,E,flat,single,1048576,524288,random64,random,1,1048576,100.5234,15.576,7.0277,0.0001,1.7107,0.5419,0.0001,0.8642,0.473,12.5449,1.544,0.0,0.0,1.3372,2.2526
curve,gcc,E,flat,single,131072,65536,random64,random,1,131072,100.5255,15.5768,7.0286,0.0006,1.6012,0.5358,0.0006,0.0011,0.1388,12.5451,1.547,0.0001,0.0001,0.1398,2.137
curve,gcc,E,flat,single,2097152,1048576,random64,random,1,2097152,100.5239,15.5758,7.0276,0.0,1.7186,0.5423,0.0,1.2421,0.5115,12.5448,1.5457,0.0,0.0,1.7536,2.2609
curve,gcc,E,flat,single,262144,131072,random64,random,1,262144,100.527,15.5765,7.0281,0.0003,1.6635,0.5392,0.0003,0.2031,0.2189,12.5453,1.5444,0.0,0.0,0.422,2.2027
curve,gcc,E,flat,single,524288,262144,random64,random,1,524288,100.5221,15.5759,7.0278,0.0002,1.6953,0.541,0.0002,0.4929,0.38,12.5447,1.5447,0.0,0.0,0.8729,2.2363
curve,gcc,E,flat,single,65536,32768,random64,random,1,65536,100.5344,15.5781,7.0296,0.0012,1.4791,0.5285,0.0012,0.0003,0.1387,12.5461,1.5468,0.0001,0.0001,0.139,2.0076
curve,gcc,E,sort,single,1048576,524288,random64,random,1,1048576,153.0245,30.369,12.3396,0.0,0.7216,0.032,0.0,0.1993,0.0098,31.2432,9.2009,0.0,0.0,0.2091,0.7536
curve,gcc,E,sort,single,131072,65536,random64,random,1,131072,129.7128,25.5267,10.9397,0.0001,0.4575,0.0294,0.0001,0.0,0.0001,26.4021,8.0539,0.0,0.0,0.0001,0.4869
curve,gcc,E,sort,single,2097152,1048576,random64,random,1,2097152,159.7879,31.9096,12.7787,0.0,0.8051,0.0322,0.0,0.31,0.0205,32.7838,9.5135,0.0,0.0,0.3305,0.8373
curve,gcc,E,sort,single,262144,131072,random64,random,1,262144,138.9992,27.3451,11.3893,0.0,0.5653,0.031,0.0,0.0001,0.0,28.2182,8.3563,0.0,0.0,0.0001,0.5963
curve,gcc,E,sort,single,524288,262144,random64,random,1,524288,143.8149,28.4192,11.91,0.0,0.6168,0.0316,0.0,0.0447,0.0,29.2927,8.8573,0.0,0.0,0.0448,0.6484
curve,gcc,E,sort,single,65536,32768,random64,random,1,65536,124.0347,24.1682,10.466,0.0002,0.393,0.0263,0.0002,0.0,0.0001,25.0415,7.5446,0.0,0.0,0.0001,0.4193
curve,gcc,E,uset,single,1048576,524288,random64,random,1,1048576,263.7061,63.0427,47.408,0.0001,2.772,0.2823,0.0001,2.1912,0.2822,51.1647,0.9029,3.0,0.0,2.4734,3.0543
curve,gcc,E,uset,single,131072,65536,random64,random,1,131072,264.2092,63.0287,47.9736,0.0007,2.6895,0.2867,0.0007,0.0264,0.1957,51.7067,0.8894,3.0001,0.0001,0.2221,2.9762
curve,gcc,E,uset,single,2097152,1048576,random64,random,1,2097152,263.9122,63.033,47.6569,0.0,2.7661,0.2842,0.0,2.4772,0.2841,51.4013,0.8944,3.0,0.0,2.7614,3.0502
curve,gcc,E,uset,single,262144,131072,random64,random,1,262144,264.4313,63.0234,48.2213,0.0003,2.7172,0.2886,0.0003,0.6807,0.2885,51.948,0.8827,3.0,0.0,0.9692,3.0058
curve,gcc,E,uset,single,524288,262144,random64,random,1,524288,264.6331,63.0109,48.4794,0.0002,2.7204,0.2906,0.0002,1.6302,0.2905,52.1887,0.8701,3.0,0.0,1.9207,3.011
curve,gcc,E,uset,single,65536,32768,random64,random,1,65536,263.9727,63.0323,47.7288,0.0013,2.6246,0.2849,0.0013,0.0005,0.1893,51.4651,0.8983,3.0001,0.0001,0.1897,2.9095
curve,gcc,P,flat,single,1048576,524288,random64,random,1,1048576,100.5234,15.576,7.0277,0.0001,1.6937,0.5411,0.0001,0.2028,0.2182,12.5449,1.544,0.0,0.0,0.421,2.2347
curve,gcc,P,flat,single,131072,65536,random64,random,1,131072,100.5255,15.5768,7.0286,0.0006,1.4776,0.5283,0.0006,0.0001,0.1388,12.5451,1.547,0.0001,0.0001,0.1389,2.0059
curve,gcc,P,flat,single,2097152,1048576,random64,random,1,2097152,100.5239,15.5758,7.0276,0.0,1.7093,0.5418,0.0,0.4953,0.3803,12.5448,1.5457,0.0,0.0,0.8756,2.2511
curve,gcc,P,flat,single,262144,131072,random64,random,1,262144,100.527,15.5765,7.0281,0.0003,1.5995,0.5356,0.0003,0.0001,0.1385,12.5453,1.5444,0.0,0.0,0.1386,2.1352
curve,gcc,P,flat,single,524288,262144,random64,random,1,524288,100.5221,15.5759,7.0278,0.0002,1.6623,0.5392,0.0002,0.0008,0.1384,12.5447,1.5447,0.0,0.0,0.1393,2.2015
curve,gcc,P,flat,single,65536,32768,random64,random,1,65536,100.5344,15.5781,7.0296,0.0012,1.2416,0.5126,0.0012,0.0003,0.1387,12.5461,1.5468,0.0001,0.0001,0.139,1.7543
curve,gcc,P,sort,single,1048576,524288,random64,random,1,1048576,153.0245,30.369,12.3396,0.0,0.6449,0.0311,0.0,0.0,0.0,31.2432,9.2009,0.0,0.0,0.0,0.676
curve,gcc,P,sort,single,131072,65536,random64,random,1,131072,129.7128,25.5267,10.9397,0.0001,0.3805,0.026,0.0001,0.0,0.0001,26.4021,8.0539,0.0,0.0,0.0001,0.4065
curve,gcc,P,sort,single,2097152,1048576,random64,random,1,2097152,159.7879,31.9096,12.7787,0.0,0.7286,0.0315,0.0,0.0359,0.0,32.7838,9.5135,0.0,0.0,0.0359,0.7601
curve,gcc,P,sort,single,262144,131072,random64,random,1,262144,138.9992,27.3451,11.3893,0.0,0.4865,0.029,0.0,0.0,0.0,28.2182,8.3563,0.0,0.0,0.0,0.5154
curve,gcc,P,sort,single,524288,262144,random64,random,1,524288,143.8149,28.4192,11.91,0.0,0.5339,0.0304,0.0,0.0,0.0,29.2927,8.8573,0.0,0.0,0.0,0.5643
curve,gcc,P,sort,single,65536,32768,random64,random,1,65536,124.0347,24.1682,10.466,0.0002,0.319,0.0201,0.0002,0.0,0.0001,25.0415,7.5446,0.0,0.0,0.0001,0.3391
curve,gcc,P,uset,single,1048576,524288,random64,random,1,1048576,263.7061,63.0427,47.408,0.0001,2.7627,0.2823,0.0001,0.659,0.2822,51.1647,0.9029,3.0,0.0,0.9412,3.0449
curve,gcc,P,uset,single,131072,65536,random64,random,1,131072,264.2092,63.0287,47.9736,0.0007,2.6169,0.2867,0.0007,0.0002,0.1902,51.7067,0.8894,3.0001,0.0001,0.1904,2.9036
curve,gcc,P,uset,single,262144,131072,random64,random,1,262144,264.4313,63.0234,48.2213,0.0003,2.6811,0.2886,0.0003,0.0001,0.1911,51.948,0.8827,3.0,0.0,0.1912,2.9697
curve,gcc,P,uset,single,524288,262144,random64,random,1,524288,264.6331,63.0109,48.4794,0.0002,2.7026,0.2906,0.0002,0.0287,0.2002,52.1887,0.8701,3.0,0.0,0.2289,2.9932
curve,gcc,P,uset,single,65536,32768,random64,random,1,65536,263.9727,63.0323,47.7288,0.0013,2.4779,0.2849,0.0013,0.0005,0.1893,51.4651,0.8983,3.0001,0.0001,0.1897,2.7628
curve,gcc,X,flat,single,1048576,524288,random64,random,1,1048576,100.5234,15.576,7.0277,0.0001,1.9026,0.5921,0.0001,1.4269,0.5631,12.5449,1.544,0.0,0.0,1.9899,2.4947
curve,gcc,X,flat,single,131072,65536,random64,random,1,131072,100.5255,15.5768,7.0286,0.0009,1.8234,0.5879,0.0009,0.2983,0.3357,12.5451,1.547,0.0001,0.0001,0.634,2.4113
curve,gcc,X,flat,single,2097152,1048576,random64,random,1,2097152,100.5239,15.5758,7.0276,0.0001,1.9086,0.5924,0.0001,1.6685,0.578,12.5448,1.5457,0.0,0.0,2.2465,2.5009
curve,gcc,X,flat,single,262144,131072,random64,random,1,262144,100.527,15.5765,7.0281,0.0004,1.8692,0.5903,0.0004,0.6231,0.4486,12.5453,1.5444,0.0,0.0,1.0717,2.4595
curve,gcc,X,flat,single,524288,262144,random64,random,1,524288,100.5221,15.5759,7.0278,0.0002,1.8911,0.5914,0.0002,1.0205,0.5281,12.5447,1.5447,0.0,0.0,1.5486,2.4825
curve,gcc,X,flat,single,65536,32768,random64,random,1,65536,100.5344,15.5781,7.0296,0.0017,1.7334,0.5829,0.0017,0.0005,0.2493,12.5461,1.5468,0.0001,0.0001,0.2498,2.3162
curve,gcc,X,sort,single,1048576,524288,random64,random,1,1048576,153.0245,30.369,12.3396,0.0,1.5067,0.0646,0.0,0.6562,0.0412,31.2432,9.2009,0.0,0.0,0.6974,1.5714
curve,gcc,X,sort,single,131072,65536,random64,random,1,131072,129.7128,25.5267,10.9397,0.0001,0.9832,0.0612,0.0001,0.0001,0.0002,26.4021,8.0539,0.0,0.0,0.0003,1.0444
curve,gcc,X,sort,single,2097152,1048576,random64,random,1,2097152,159.7879,31.9096,12.7787,0.0,1.6755,0.0648,0.0,0.7997,0.0518,32.7838,9.5135,0.0,0.0,0.8516,1.7403
curve,gcc,X,sort,single,262144,131072,random64,random,1,262144,138.9992,27.3451,11.3893,0.0001,1.1983,0.0632,0.0001,0.1134,0.0001,28.2182,8.3563,0.0,0.0,0.1135,1.2615
curve,gcc,X,sort,single,524288,262144,random64,random,1,524288,143.8149,28.4192,11.91,0.0,1.2935,0.064,0.0,0.4232,0.0197,29.2927,8.8573,0.0,0.0,0.4429,1.3574
curve,gcc,X,sort,single,65536,32768,random64,random,1,65536,124.0347,24.1682,10.466,0.0003,0.8555,0.057,0.0003,0.0,0.0003,25.0415,7.5446,0.0,0.0,0.0003,0.9125
curve,gcc,X,uset,single,1048576,524288,random64,random,1,1048576,263.7061,63.0427,47.408,0.0001,3.376,0.5645,0.0001,3.0692,0.5644,51.1647,0.9029,3.0,0.0,3.6336,3.9405
curve,gcc,X,uset,single,131072,65536,random64,random,1,131072,264.2092,63.0287,47.9736,0.0009,3.3063,0.5733,0.0009,1.0578,0.5732,51.7067,0.8894,3.0001,0.0001,1.631,3.8796
curve,gcc,X,uset,single,2097152,1048576,random64,random,1,2097152,263.9122,63.033,47.6569,0.0001,3.3691,0.5683,0.0001,3.216,0.5683,51.4013,0.8944,3.0,0.0,3.7843,3.9374
curve,gcc,X,uset,single,262144,131072,random64,random,1,262144,264.4313,63.0234,48.2213,0.0005,3.3269,0.5771,0.0005,2.1533,0.577,51.948,0.8827,3.0,0.0,2.7303,3.904
curve,gcc,X,uset,single,524288,262144,random64,random,1,524288,264.6331,63.0109,48.4794,0.0002,3.326,0.581,0.0002,2.7385,0.5809,52.1887,0.8701,3.0,0.0,3.3194,3.907
curve,gcc,X,uset,single,65536,32768,random64,random,1,65536,263.9727,63.0323,47.7288,0.0018,3.2516,0.5696,0.0018,0.039,0.3861,51.4651,0.8983,3.0001,0.0001,0.4251,3.8213
curve,libcxx,X,flat,single,1048576,524288,random64,random,1,1048576,90.318,14.0719,6.5356,0.0001,1.9013,0.5921,0.0001,1.4267,0.563,12.0367,1.5449,0.0,0.0,1.9897,2.4934
curve,libcxx,X,flat,single,131072,65536,random64,random,1,131072,90.324,14.0731,6.5364,0.0008,1.8233,0.5879,0.0008,0.2979,0.3362,12.0378,1.5447,0.0001,0.0001,0.6341,2.4112
curve,libcxx,X,flat,single,262144,131072,random64,random,1,262144,90.3267,14.0726,6.5359,0.0004,1.8695,0.5901,0.0004,0.6247,0.4498,12.0375,1.5475,0.0,0.0,1.0744,2.4596
curve,libcxx,X,flat,single,524288,262144,random64,random,1,524288,90.3223,14.0722,6.5357,0.0002,1.8904,0.5916,0.0002,1.0217,0.5281,12.0372,1.5455,0.0,0.0,1.5498,2.482
curve,libcxx,X,flat,single,65536,32768,random64,random,1,65536,90.3237,14.0742,6.5374,0.0015,1.7302,0.5831,0.0015,0.0005,0.2477,12.0381,1.5454,0.0001,0.0001,0.2482,2.3132
curve,libcxx,X,sort,single,1048576,524288,random64,random,1,1048576,135.7449,25.0821,13.0152,0.0,1.25,0.0646,0.0,0.5102,0.0412,29.7283,9.0993,0.0067,0.005,0.5514,1.3146
curve,libcxx,X,sort,single,131072,65536,random64,random,1,131072,119.3873,22.1187,11.5187,0.0004,0.8737,0.0613,0.0004,0.0002,0.0002,26.0139,7.6305,0.007,0.0051,0.0004,0.9351
curve,libcxx,X,sort,single,262144,131072,random64,random,1,262144,125.6631,23.3205,12.0184,0.0002,1.0341,0.0634,0.0002,0.1149,0.0001,27.4585,8.1268,0.0068,0.0051,0.115,1.0975
curve,libcxx,X,sort,single,524288,262144,random64,random,1,524288,130.1541,24.0376,12.5546,0.0001,1.1174,0.0642,0.0001,0.3442,0.0197,28.4454,8.7083,0.007,0.005,0.3639,1.1816
curve,libcxx,X,sort,single,65536,32768,random64,random,1,65536,112.1662,20.6294,11.1183,0.0007,0.7077,0.0569,0.0007,0.0001,0.0004,24.3113,7.3423,0.0069,0.0051,0.0004,0.7646
curve,libcxx,X,uset,single,131072,65536,random64,random,1,131072,265.6487,58.8397,33.2893,0.0008,3.4443,0.4377,0.0008,1.0234,0.4376,38.1291,0.8835,2.0,0.0,1.461,3.882
curve,libcxx,X,uset,single,262144,131072,random64,random,1,262144,265.6373,58.8372,33.2891,0.0004,3.4743,0.4377,0.0004,2.1902,0.4376,38.1256,0.8817,2.0,0.0,2.6278,3.9119
curve,libcxx,X,uset,single,524288,262144,random64,random,1,524288,265.6221,58.834,33.2896,0.0002,3.4851,0.4377,0.0002,2.8369,0.4376,38.1199,0.879,2.0,0.0,3.2744,3.9227
curve,libcxx,X,uset,single,65536,32768,random64,random,1,65536,265.623,58.8346,33.2916,0.0016,3.3704,0.4379,0.0016,0.027,0.3757,38.1178,0.8806,2.0001,0.0001,0.4027,3.8083
main,gcc,E,flat,single,1048576,1048576,random64,random,1,1048576,128.6681,21.168,11.0552,0.0001,1.236,1.0594,0.0001,0.4934,0.9204,15.1204,1.8401,0.0,0.0,1.4138,2.2954
main,gcc,E,flat,single,1048576,524288,random64,random,1,1048576,100.5234,15.576,7.0277,0.0001,1.7107,0.5419,0.0001,0.8642,0.473,12.5449,1.544,0.0,0.0,1.3372,2.2526
main,gcc,E,flat_phased,single,1048576,1048576,random64,random,1,1048576,126.6687,21.1681,11.0553,0.0001,1.236,1.0594,0.0001,0.4934,0.9204,15.1205,1.8401,0.0,0.0,1.4138,2.2954
main,gcc,E,flat_phased,single,1048576,524288,random64,random,1,1048576,99.5237,15.576,7.0277,0.0001,1.7107,0.5419,0.0001,0.8642,0.473,12.5449,1.5441,0.0,0.0,1.3372,2.2526
main,gcc,E,radix,single,1048576,1048576,random64,random,1,1048576,125.0144,19.0024,24.0032,0.0001,0.6261,1.1695,0.0001,0.6101,0.4868,11.0032,0.0002,0.0,0.0,1.0969,1.7956
main,gcc,E,radix,single,1048576,524288,random64,random,1,1048576,126.5139,18.0023,24.5031,0.0001,0.6257,0.8896,0.0001,0.6071,0.5001,11.0031,0.4298,0.0,0.0,1.1072,1.5152
main,gcc,E,sort,single,1048576,1048576,random64,random,1,1048576,151.4273,31.3362,12.1577,0.0,0.6961,0.0011,0.0,0.224,0.0,31.2047,8.8107,0.0,0.0,0.224,0.6972
main,gcc,E,sort,single,1048576,524288,random64,random,1,1048576,153.0245,30.369,12.3396,0.0,0.7216,0.032,0.0,0.1993,0.0098,31.2432,9.2009,0.0,0.0,0.2091,0.7536
main,gcc,E,uset,single,1048576,1048576,random64,random,1,1048576,458.9788,108.3669,70.4186,0.0001,3.7746,0.4385,0.0001,3.231,0.4385,80.2544,1.3106,6.0,0.0,3.6694,4.2132
main,gcc,E,uset,single,1048576,524288,random64,random,1,1048576,263.7061,63.0427,47.408,0.0001,2.772,0.2823,0.0001,2.1912,0.2822,51.1647,0.9029,3.0,0.0,2.4734,3.0543
main,gcc,E,uset_phased,single,1048576,1048576,random64,random,1,1048576,458.9794,108.367,70.4186,0.0001,3.7738,0.4385,0.0001,3.2295,0.4385,80.2545,0.883,6.0,0.0,3.668,4.2124
main,gcc,E,uset_phased,single,1048576,524288,random64,random,1,1048576,263.7064,63.0428,47.408,0.0001,2.7718,0.2823,0.0001,2.1915,0.2822,51.1647,0.7776,3.0,0.0,2.4737,3.0541
main,gcc,P,flat,single,1048576,1048576,random64,random,1,1048576,128.6681,21.168,11.0552,0.0001,1.2213,1.0575,0.0001,0.1612,0.3534,15.1204,1.8401,0.0,0.0,0.5146,2.2788
main,gcc,P,flat,single,1048576,524288,random64,random,1,1048576,100.5234,15.576,7.0277,0.0001,1.6937,0.5411,0.0001,0.2028,0.2182,12.5449,1.544,0.0,0.0,0.421,2.2347
main,gcc,P,flat_phased,single,1048576,1048576,random64,random,1,1048576,126.6687,21.1681,11.0553,0.0001,1.2213,1.0575,0.0001,0.1612,0.3534,15.1205,1.8401,0.0,0.0,0.5146,2.2788
main,gcc,P,flat_phased,single,1048576,524288,random64,random,1,1048576,99.5237,15.576,7.0277,0.0001,1.6937,0.5411,0.0001,0.2028,0.2182,12.5449,1.5441,0.0,0.0,0.421,2.2347
main,gcc,P,radix,single,1048576,1048576,random64,random,1,1048576,125.0144,19.0024,24.0032,0.0001,0.6255,0.9721,0.0001,0.0005,0.0628,11.0032,0.0002,0.0,0.0,0.0633,1.5976
main,gcc,P,radix,single,1048576,524288,random64,random,1,1048576,126.5139,18.0023,24.5031,0.0001,0.6252,0.6144,0.0001,0.0004,0.0628,11.0031,0.4298,0.0,0.0,0.0632,1.2396
main,gcc,P,sort,single,1048576,1048576,random64,random,1,1048576,151.4273,31.3362,12.1577,0.0,0.6169,0.0006,0.0,0.0,0.0,31.2047,8.8107,0.0,0.0,0.0,0.6175
main,gcc,P,sort,single,1048576,524288,random64,random,1,1048576,153.0245,30.369,12.3396,0.0,0.6449,0.0311,0.0,0.0,0.0,31.2432,9.2009,0.0,0.0,0.0,0.676
main,gcc,P,uset,single,1048576,1048576,random64,random,1,1048576,458.9788,108.3669,70.4186,0.0001,3.766,0.4385,0.0001,1.7444,0.4384,80.2544,1.3106,6.0,0.0,2.1829,4.2045
main,gcc,P,uset,single,1048576,524288,random64,random,1,1048576,263.7061,63.0427,47.408,0.0001,2.7627,0.2823,0.0001,0.659,0.2822,51.1647,0.9029,3.0,0.0,0.9412,3.0449
main,gcc,P,uset_phased,single,1048576,1048576,random64,random,1,1048576,458.9794,108.367,70.4186,0.0001,3.7651,0.4385,0.0001,1.743,0.4384,80.2545,0.883,6.0,0.0,2.1814,4.2037
main,gcc,P,uset_phased,single,1048576,524288,random64,random,1,1048576,263.7064,63.0428,47.408,0.0001,2.7626,0.2823,0.0001,0.6595,0.2822,51.1647,0.7776,3.0,0.0,0.9417,3.0449
main,gcc,X,flat,single,1048576,1048576,random64,random,1,1048576,128.6681,21.168,11.0552,0.0001,1.455,1.1459,0.0001,1.0437,1.0886,15.1204,1.8401,0.0,0.0,2.1324,2.601
main,gcc,X,flat,single,1048576,524288,random64,random,1,1048576,100.5234,15.576,7.0277,0.0001,1.9026,0.5921,0.0001,1.4269,0.5631,12.5449,1.544,0.0,0.0,1.9899,2.4947
main,gcc,X,flat_phased,single,1048576,1048576,random64,random,1,1048576,126.6687,21.1681,11.0553,0.0001,1.455,1.1459,0.0001,1.0437,1.0886,15.1205,1.8401,0.0,0.0,2.1324,2.6009
main,gcc,X,flat_phased,single,1048576,524288,random64,random,1,1048576,99.5237,15.576,7.0277,0.0001,1.9026,0.591,0.0001,1.4269,0.5631,12.5449,1.5441,0.0,0.0,1.9899,2.4937
main,gcc,X,radix,single,1048576,1048576,random64,random,1,1048576,125.0144,19.0024,24.0032,0.0001,1.2502,1.069,0.0001,1.2448,0.9962,11.0032,0.0002,0.0,0.0,2.241,2.3192
main,gcc,X,radix,single,1048576,524288,random64,random,1,1048576,126.5139,18.0023,24.5031,0.0001,1.2503,1.1834,0.0001,1.2439,1.0391,11.0031,0.4298,0.0,0.0,2.283,2.4337
main,gcc,X,sort,single,1048576,1048576,random64,random,1,1048576,151.4273,31.3362,12.1577,0.0,1.4594,0.0025,0.0,0.603,0.0001,31.2047,8.8107,0.0,0.0,0.6031,1.4619
main,gcc,X,sort,single,1048576,524288,random64,random,1,1048576,153.0245,30.369,12.3396,0.0,1.5067,0.0646,0.0,0.6562,0.0412,31.2432,9.2009,0.0,0.0,0.6974,1.5714
main,gcc,X,uset,single,1048576,1048576,random64,random,1,1048576,458.9788,108.3669,70.4186,0.0001,4.6781,0.877,0.0001,4.42,0.8769,80.2544,1.3106,6.0,0.0,5.2969,5.5551
main,gcc,X,uset,single,1048576,524288,random64,random,1,1048576,263.7061,63.0427,47.408,0.0001,3.376,0.5645,0.0001,3.0692,0.5644,51.1647,0.9029,3.0,0.0,3.6336,3.9405
main,gcc,X,uset_phased,single,1048576,1048576,random64,random,1,1048576,458.9794,108.367,70.4186,0.0002,4.678,0.877,0.0002,4.42,0.8769,80.2545,0.883,6.0,0.0,5.297,5.555
main,gcc,X,uset_phased,single,1048576,524288,random64,random,1,1048576,263.7064,63.0428,47.408,0.0001,3.376,0.5645,0.0001,3.0691,0.5644,51.1647,0.7776,3.0,0.0,3.6335,3.9405
main,libcxx,E,flat,single,1048576,1048576,random64,random,1,1048576,116.9877,19.1598,10.071,0.0001,1.2356,1.0594,0.0001,0.4933,0.9201,14.1042,1.8378,0.0,0.0,1.4134,2.295
main,libcxx,E,flat,single,1048576,524288,random64,random,1,1048576,90.318,14.0719,6.5356,0.0001,1.7086,0.5419,0.0001,0.8646,0.473,12.0367,1.5449,0.0,0.0,1.3376,2.2505
main,libcxx,E,flat_phased,single,1048576,1048576,random64,random,1,1048576,116.9883,19.1599,10.0711,0.0001,1.2356,1.0594,0.0001,0.4933,0.9201,14.1044,1.8378,0.0,0.0,1.4134,2.295
main,libcxx,E,flat_phased,single,1048576,524288,random64,random,1,1048576,90.3183,14.0719,6.5356,0.0001,1.7086,0.5419,0.0001,0.8646,0.473,12.0368,1.5449,0.0,0.0,1.3376,2.2505
main,libcxx,E,radix,single,1048576,1048576,random64,random,1,1048576,106.0175,19.0027,24.0102,0.0001,0.6262,1.1697,0.0001,0.6102,0.4868,7.0086,0.0002,0.0,0.0,1.0969,1.7959
main,libcxx,E,radix,single,1048576,524288,random64,random,1,1048576,107.5171,18.0025,24.5101,0.0001,0.6257,0.8896,0.0001,0.6071,0.5001,7.0086,0.4299,0.0,0.0,1.1073,1.5153
main,libcxx,E,sort,single,1048576,1048576,random64,random,1,1048576,136.2625,26.4496,12.9309,0.0,0.5985,0.0012,0.0,0.1886,0.0,30.0809,8.6851,0.0069,0.005,0.1887,0.5997
main,libcxx,E,sort,single,1048576,524288,random64,random,1,1048576,135.7449,25.0821,13.0152,0.0,0.5977,0.032,0.0,0.1922,0.0098,29.7283,9.0993,0.0067,0.005,0.202,0.6298
main,libcxx,E,uset,single,1048576,1048576,random64,random,1,1048576,539.1305,124.1458,71.1122,0.0001,5.4384,0.3751,0.0001,4.4145,0.375,80.855,2.1409,4.0,0.0,4.7895,5.8135
main,libcxx,E,uset,single,1048576,524288,random64,random,1,1048576,265.6201,58.8332,33.2886,0.0001,2.8251,0.2188,0.0001,2.2266,0.2188,38.1203,0.8796,2.0,0.0,2.4454,3.044
main,libcxx,E,uset_phased,single,1048576,1048576,random64,random,1,1048576,539.1317,124.1462,71.1124,0.0001,5.4381,0.3751,0.0001,4.4127,0.375,80.8552,2.141,4.0,0.0,4.7877,5.8132
main,libcxx,E,uset_phased,single,1048576,524288,random64,random,1,1048576,265.6212,58.8336,33.2888,0.0001,2.8095,0.2188,0.0001,2.2157,0.2188,38.1204,0.8796,2.0,0.0,2.4345,3.0283
main,libcxx,P,flat,single,1048576,1048576,random64,random,1,1048576,116.9877,19.1598,10.071,0.0001,1.221,1.0576,0.0001,0.1611,0.3528,14.1042,1.8378,0.0,0.0,0.5139,2.2786
main,libcxx,P,flat,single,1048576,524288,random64,random,1,1048576,90.318,14.0719,6.5356,0.0001,1.6925,0.541,0.0001,0.2027,0.2188,12.0367,1.5449,0.0,0.0,0.4215,2.2336
main,libcxx,P,flat_phased,single,1048576,1048576,random64,random,1,1048576,116.9883,19.1599,10.0711,0.0001,1.221,1.0576,0.0001,0.1611,0.3528,14.1044,1.8378,0.0,0.0,0.5139,2.2786
main,libcxx,P,flat_phased,single,1048576,524288,random64,random,1,1048576,90.3183,14.0719,6.5356,0.0001,1.6926,0.541,0.0001,0.2027,0.2188,12.0368,1.5449,0.0,0.0,0.4215,2.2336
main,libcxx,P,radix,single,1048576,1048576,random64,random,1,1048576,106.0175,19.0027,24.0102,0.0001,0.6255,0.9715,0.0001,0.0005,0.0629,7.0086,0.0002,0.0,0.0,0.0634,1.5971
main,libcxx,P,radix,single,1048576,524288,random64,random,1,1048576,107.5171,18.0025,24.5101,0.0001,0.6252,0.6147,0.0001,0.0005,0.0628,7.0086,0.4299,0.0,0.0,0.0633,1.2399
main,libcxx,P,sort,single,1048576,1048576,random64,random,1,1048576,136.2625,26.4496,12.9309,0.0,0.5257,0.0006,0.0,0.0,0.0,30.0809,8.6851,0.0069,0.005,0.0,0.5263
main,libcxx,P,sort,single,1048576,524288,random64,random,1,1048576,135.7449,25.0821,13.0152,0.0,0.526,0.0311,0.0,0.0,0.0,29.7283,9.0993,0.0067,0.005,0.0,0.5571
main,libcxx,P,uset,single,1048576,1048576,random64,random,1,1048576,539.1305,124.1458,71.1122,0.0001,5.4187,0.3751,0.0001,2.1099,0.375,80.855,2.1409,4.0,0.0,2.4849,5.7938
main,libcxx,P,uset,single,1048576,524288,random64,random,1,1048576,265.6201,58.8332,33.2886,0.0001,2.8156,0.2188,0.0001,0.6543,0.2188,38.1203,0.8796,2.0,0.0,0.8731,3.0344
main,libcxx,P,uset_phased,single,1048576,1048576,random64,random,1,1048576,539.1317,124.1462,71.1124,0.0001,5.4183,0.3751,0.0001,2.1089,0.375,80.8552,2.141,4.0,0.0,2.4839,5.7934
main,libcxx,P,uset_phased,single,1048576,524288,random64,random,1,1048576,265.6212,58.8336,33.2888,0.0001,2.8001,0.2188,0.0001,0.6545,0.2188,38.1204,0.8796,2.0,0.0,0.8733,3.019
main,libcxx,X,flat,single,1048576,1048576,random64,random,1,1048576,116.9877,19.1598,10.071,0.0001,1.455,1.1459,0.0001,1.0432,1.0888,14.1042,1.8378,0.0,0.0,2.132,2.6009
main,libcxx,X,flat,single,1048576,524288,random64,random,1,1048576,90.318,14.0719,6.5356,0.0001,1.9013,0.5921,0.0001,1.4267,0.563,12.0367,1.5449,0.0,0.0,1.9897,2.4934
main,libcxx,X,flat_phased,single,1048576,1048576,random64,random,1,1048576,116.9883,19.1599,10.0711,0.0001,1.455,1.1459,0.0001,1.0432,1.0888,14.1044,1.8378,0.0,0.0,2.132,2.6009
main,libcxx,X,flat_phased,single,1048576,524288,random64,random,1,1048576,90.3183,14.0719,6.5356,0.0001,1.9013,0.5921,0.0001,1.4267,0.563,12.0368,1.5449,0.0,0.0,1.9897,2.4934
main,libcxx,X,radix,single,1048576,1048576,random64,random,1,1048576,106.0175,19.0027,24.0102,0.0002,1.2503,1.069,0.0002,1.2448,0.9962,7.0086,0.0002,0.0,0.0,2.241,2.3193
main,libcxx,X,radix,single,1048576,524288,random64,random,1,1048576,107.5171,18.0025,24.5101,0.0001,1.2503,1.1835,0.0001,1.2439,1.0392,7.0086,0.4299,0.0,0.0,2.2831,2.4338
main,libcxx,X,sort,single,1048576,1048576,random64,random,1,1048576,136.2625,26.4496,12.9309,0.0,1.2518,0.0027,0.0,0.5153,0.0001,30.0809,8.6851,0.0069,0.005,0.5154,1.2545
main,libcxx,X,sort,single,1048576,524288,random64,random,1,1048576,135.7449,25.0821,13.0152,0.0,1.25,0.0646,0.0,0.5102,0.0412,29.7283,9.0993,0.0067,0.005,0.5514,1.3146
main,libcxx,X,uset,single,1048576,1048576,random64,random,1,1048576,539.1305,124.1458,71.1122,0.0001,6.8945,0.7501,0.0001,6.2881,0.7501,80.855,2.1409,4.0,0.0,7.0382,7.6446
main,libcxx,X,uset,single,1048576,524288,random64,random,1,1048576,265.6201,58.8332,33.2886,0.0001,3.4941,0.4376,0.0001,3.1666,0.4375,38.1203,0.8796,2.0,0.0,3.6041,3.9317
main,libcxx,X,uset_phased,single,1048576,1048576,random64,random,1,1048576,539.1317,124.1462,71.1124,0.0002,6.8947,0.7502,0.0002,6.2881,0.7501,80.8552,2.141,4.0,0.0,7.0382,7.6448
main,libcxx,X,uset_phased,single,1048576,524288,random64,random,1,1048576,265.6212,58.8336,33.2888,0.0002,3.4577,0.4376,0.0002,3.1366,0.4376,38.1204,0.8796,2.0,0.0,3.5741,3.8953
smoke,gcc,X,uset,single,65536,32768,random64,random,1,65536,263.9727,63.0323,47.7288,0.0018,3.2516,0.5696,0.0018,0.039,0.3861,51.4651,0.8983,3.0001,0.0001,0.4251,3.8213
