series,size,N,ns_per_malloc,ns_per_free,frac_delta_eq_chunk,frac_within_4k,frac_desc,mean_abs_delta_B,rss_before_kb,rss_after_malloc_kb,rss_after_free_kb
pair,16,1048576,6.23,-,-,-,-,-,-,-,-
ring_7_live,16,1048576,6.73,-,-,-,-,-,-,-,-
ring_8_live,16,1048576,6.71,-,-,-,-,-,-,-,-
ring_64_live,16,1048576,6.76,-,-,-,-,-,-,-,-
fresh_seqfree,16,1048576,31.06,6.74,1.000,1.000,0.000,32,15900,48732,48732
recycled_seqfree,16,1048576,4.46,5.01,0.750,1.000,0.250,112,48732,48732,48732
recycled_randfree,16,1048576,4.82,37.97,1.000,1.000,0.000,32,48732,48732,48732
scrambled_seqfree,16,1048576,64.56,15.26,0.000,0.000,0.500,11182216,48732,48732,48732
scrambled_randfree,16,1048576,64.27,31.92,0.000,0.000,0.500,11183028,48732,48732,48732
after_malloc_trim,16,1048576,-,-,-,-,-,-,48732,-,15992
