lib,variant,N,U,dump,stat,insert_ns_el,dump_ns_el,dtor_ns_el,total_ns_el,rss_peak_kb
libstdc++,std,1048576,1048576,assign,first,189.6,110.0,47.4,347.1,233152
libstdc++,std,1048576,1048576,assign,median,149.2,121.3,147.0,431.9,233216
libstdc++,std,1048576,1048576,assign,min,133.0,81.9,99.8,340.8,233216
libstdc++,bump,1048576,1048576,assign,first,132.5,60.9,0.3,193.7,233284
libstdc++,bump,1048576,1048576,assign,median,50.0,66.1,0.4,107.2,233284
libstdc++,bump,1048576,1048576,assign,min,33.1,46.1,0.3,80.4,233284
libstdc++,pmr,1048576,1048576,assign,first,104.0,45.1,21.5,170.5,233332
libstdc++,pmr,1048576,1048576,assign,median,64.3,72.5,33.8,174.4,233332
libstdc++,pmr,1048576,1048576,assign,min,47.5,57.3,25.4,140.8,233332
libstdc++,pool_seq,1048576,1048576,assign,first,76.4,82.2,0.5,159.2,266100
libstdc++,pool_seq,1048576,1048576,assign,median,71.2,112.1,0.6,185.6,266100
libstdc++,pool_seq,1048576,1048576,assign,min,58.5,78.6,0.4,142.7,266100
libstdc++,pool_shuf,1048576,1048576,assign,first,69.5,213.2,0.7,283.4,266100
libstdc++,pool_shuf,1048576,1048576,assign,median,89.3,299.8,0.8,389.8,266100
libstdc++,pool_shuf,1048576,1048576,assign,min,60.9,242.7,0.6,328.4,266100
libstdc++,leak,1048576,1048576,assign,first,199.6,77.9,0.4,277.9,270196
libstdc++,leak,1048576,1048576,assign,median,273.2,106.8,0.7,362.6,434036
libstdc++,leak,1048576,1048576,assign,min,128.7,88.9,0.5,226.8,434036
libstdc++,node,1048576,1048576,assign,first,290.3,21.3,21.7,333.3,509752
libstdc++,node,1048576,1048576,assign,median,78.5,23.6,164.8,270.7,509752
libstdc++,node,1048576,1048576,assign,min,65.4,20.6,123.8,221.8,509752
libstdc++,flat,1048576,1048576,assign,first,24.6,18.3,0.0,43.0,509752
libstdc++,flat,1048576,1048576,assign,median,24.1,20.3,0.0,43.6,509752
libstdc++,flat,1048576,1048576,assign,min,19.4,16.2,0.0,41.5,509752
libstdc++,std,1048576,1048576,1pass,first,250.6,62.6,45.9,359.1,233140
libstdc++,std,1048576,1048576,1pass,median,144.3,39.0,103.3,280.5,233204
libstdc++,std,1048576,1048576,1pass,min,117.1,35.4,84.6,239.2,233204
libstdc++,bump,1048576,1048576,1pass,first,107.0,28.3,0.3,135.7,233272
libstdc++,bump,1048576,1048576,1pass,median,48.6,25.7,0.3,78.5,233272
libstdc++,bump,1048576,1048576,1pass,min,29.9,16.6,0.3,46.8,233272
libstdc++,pmr,1048576,1048576,1pass,first,58.0,29.5,28.3,115.8,233320
libstdc++,pmr,1048576,1048576,1pass,median,53.2,29.0,27.6,115.0,233320
libstdc++,pmr,1048576,1048576,1pass,min,46.3,24.6,23.5,99.6,233320
libstdc++,pool_seq,1048576,1048576,1pass,first,52.4,28.6,0.3,81.3,266088
libstdc++,pool_seq,1048576,1048576,1pass,median,45.9,32.0,0.3,75.9,266088
libstdc++,pool_seq,1048576,1048576,1pass,min,42.2,27.6,0.3,70.3,266088
libstdc++,pool_shuf,1048576,1048576,1pass,first,43.5,64.9,0.3,108.7,266088
libstdc++,pool_shuf,1048576,1048576,1pass,median,55.5,66.9,0.4,124.3,266088
libstdc++,pool_shuf,1048576,1048576,1pass,min,43.0,51.8,0.3,95.6,266088
libstdc++,leak,1048576,1048576,1pass,first,100.4,24.1,0.3,124.8,270184
libstdc++,leak,1048576,1048576,1pass,median,250.4,50.2,0.3,305.5,434024
libstdc++,leak,1048576,1048576,1pass,min,118.9,23.6,0.3,142.9,434024
libstdc++,node,1048576,1048576,1pass,first,153.8,16.5,42.4,212.6,509740
libstdc++,node,1048576,1048576,1pass,median,90.8,16.9,176.4,287.7,509740
libstdc++,node,1048576,1048576,1pass,min,79.3,15.0,136.8,232.6,509740
libstdc++,flat,1048576,1048576,1pass,first,30.4,9.8,0.1,40.3,509740
libstdc++,flat,1048576,1048576,1pass,median,29.8,10.0,0.0,39.9,509740
libstdc++,flat,1048576,1048576,1pass,min,29.2,9.7,0.0,38.9,509740
libstdc++,std,1048576,524288,assign,first,137.8,23.6,14.5,175.8,200376
libstdc++,std,1048576,524288,assign,median,83.4,23.1,35.8,139.2,200436
libstdc++,std,1048576,524288,assign,min,77.9,22.6,32.0,136.3,200436
libstdc++,bump,1048576,524288,assign,first,53.2,15.9,0.4,69.4,192312
libstdc++,bump,1048576,524288,assign,median,52.9,19.9,0.4,69.7,192312
libstdc++,bump,1048576,524288,assign,min,49.2,15.7,0.3,68.2,192312
libstdc++,pmr,1048576,524288,assign,first,56.0,15.8,8.2,80.0,192360
libstdc++,pmr,1048576,524288,assign,median,56.0,16.0,8.3,82.5,192360
libstdc++,pmr,1048576,524288,assign,min,47.9,15.7,8.0,71.8,192360
libstdc++,pool_seq,1048576,524288,assign,first,68.2,23.1,0.3,91.6,216996
libstdc++,pool_seq,1048576,524288,assign,median,52.2,22.7,0.3,75.2,216996
libstdc++,pool_seq,1048576,524288,assign,min,48.2,22.6,0.3,71.2,216996
libstdc++,pool_shuf,1048576,524288,assign,first,60.8,195.5,4.5,260.9,216996
libstdc++,pool_shuf,1048576,524288,assign,median,67.3,187.6,0.7,260.7,216996
libstdc++,pool_shuf,1048576,524288,assign,min,63.0,94.8,0.7,165.6,216996
libstdc++,leak,1048576,524288,assign,first,78.6,23.0,0.3,102.0,218984
libstdc++,leak,1048576,524288,assign,median,99.9,24.2,0.3,124.6,300904
libstdc++,leak,1048576,524288,assign,min,92.6,23.7,0.3,120.8,300904
libstdc++,node,1048576,524288,assign,first,110.7,16.4,16.8,143.9,343912
libstdc++,node,1048576,524288,assign,median,61.8,17.4,67.7,145.7,343912
libstdc++,node,1048576,524288,assign,min,53.2,16.0,63.0,136.8,343912
libstdc++,flat,1048576,524288,assign,first,28.7,15.9,0.0,44.6,343912
libstdc++,flat,1048576,524288,assign,median,24.3,15.9,0.0,40.3,343912
libstdc++,flat,1048576,524288,assign,min,24.0,12.5,0.0,39.9,343912
libstdc++,std,1048576,524288,1pass,first,113.8,13.8,15.1,142.7,200408
libstdc++,std,1048576,524288,1pass,median,75.4,13.5,36.7,129.1,200468
libstdc++,std,1048576,524288,1pass,min,71.4,9.8,32.7,121.7,200468
libstdc++,bump,1048576,524288,1pass,first,68.7,7.9,0.3,77.0,192344
libstdc++,bump,1048576,524288,1pass,median,49.6,9.5,0.4,62.8,192344
libstdc++,bump,1048576,524288,1pass,min,46.0,7.7,0.3,54.1,192344
libstdc++,pmr,1048576,524288,1pass,first,58.7,13.5,9.4,81.5,192392
libstdc++,pmr,1048576,524288,1pass,median,59.0,13.4,9.7,82.0,192392
libstdc++,pmr,1048576,524288,1pass,min,55.0,9.3,9.3,77.8,192392
libstdc++,pool_seq,1048576,524288,1pass,first,162.1,21.6,0.5,184.2,217028
libstdc++,pool_seq,1048576,524288,1pass,median,59.9,15.6,0.4,75.9,217028
libstdc++,pool_seq,1048576,524288,1pass,min,59.8,15.3,0.3,75.5,217028
libstdc++,pool_shuf,1048576,524288,1pass,first,67.9,62.6,0.4,131.0,217028
libstdc++,pool_shuf,1048576,524288,1pass,median,69.9,62.9,0.4,133.7,217028
libstdc++,pool_shuf,1048576,524288,1pass,min,64.2,62.1,0.4,127.6,217028
libstdc++,leak,1048576,524288,1pass,first,168.3,15.8,0.4,184.4,219016
libstdc++,leak,1048576,524288,1pass,median,214.0,15.0,0.4,229.3,300936
libstdc++,leak,1048576,524288,1pass,min,71.2,14.8,0.4,86.4,300936
libstdc++,node,1048576,524288,1pass,first,51.9,5.1,12.7,69.7,343884
libstdc++,node,1048576,524288,1pass,median,32.7,4.4,42.6,83.3,343884
libstdc++,node,1048576,524288,1pass,min,32.0,4.3,40.8,78.8,343884
libstdc++,flat,1048576,524288,1pass,first,15.0,4.6,0.0,19.7,343884
libstdc++,flat,1048576,524288,1pass,median,14.7,4.0,0.0,18.8,343884
libstdc++,flat,1048576,524288,1pass,min,14.4,3.9,0.0,18.4,343884
libc++,std,1048576,1048576,assign,first,109.8,57.7,64.1,231.5,232664
libc++,std,1048576,1048576,assign,median,181.9,121.3,132.1,440.5,232728
libc++,std,1048576,1048576,assign,min,78.7,58.6,64.7,206.6,232728
libc++,bump,1048576,1048576,assign,first,131.5,119.5,0.0,251.0,232800
libc++,bump,1048576,1048576,assign,median,96.2,120.0,0.1,229.7,232800
libc++,bump,1048576,1048576,assign,min,89.5,113.6,0.0,205.0,232800
libc++,pmr,1048576,1048576,assign,first,200.7,98.8,45.8,345.3,232800
libc++,pmr,1048576,1048576,assign,median,99.2,99.1,46.2,244.3,232800
libc++,pmr,1048576,1048576,assign,min,93.1,94.3,45.4,236.7,232800
libc++,pool_seq,1048576,1048576,assign,first,99.8,114.2,0.1,214.0,265568
libc++,pool_seq,1048576,1048576,assign,median,92.1,123.7,0.0,219.8,265568
libc++,pool_seq,1048576,1048576,assign,min,90.3,116.2,0.0,206.5,265568
libc++,pool_shuf,1048576,1048576,assign,first,117.4,358.6,0.3,476.3,265568
libc++,pool_shuf,1048576,1048576,assign,median,116.3,431.1,0.1,559.7,265568
libc++,pool_shuf,1048576,1048576,assign,min,105.7,289.1,0.0,394.8,265568
libc++,leak,1048576,1048576,assign,first,412.6,145.2,0.1,557.8,269664
libc++,leak,1048576,1048576,assign,median,444.9,163.0,0.1,659.0,433504
libc++,leak,1048576,1048576,assign,min,247.9,127.4,0.0,375.4,433504
libc++,node,1048576,1048576,assign,first,294.6,31.6,43.3,369.5,509280
libc++,node,1048576,1048576,assign,median,83.0,30.9,163.9,281.0,509280
libc++,node,1048576,1048576,assign,min,69.1,25.8,152.4,256.2,509280
libc++,flat,1048576,1048576,assign,first,24.4,23.6,0.0,48.0,509280
libc++,flat,1048576,1048576,assign,median,27.8,23.5,0.0,51.3,509280
libc++,flat,1048576,1048576,assign,min,23.7,23.4,0.0,47.4,509280
libc++,std,1048576,1048576,1pass,first,330.5,92.5,164.5,587.4,232644
libc++,std,1048576,1048576,1pass,median,272.1,116.2,209.7,653.1,232708
libc++,std,1048576,1048576,1pass,min,226.5,92.6,180.5,512.2,232708
libc++,bump,1048576,1048576,1pass,first,268.2,88.8,0.1,357.1,232780
libc++,bump,1048576,1048576,1pass,median,123.0,67.9,0.0,192.3,232780
libc++,bump,1048576,1048576,1pass,min,105.5,48.0,0.0,153.6,232780
libc++,pmr,1048576,1048576,1pass,first,282.5,85.1,68.8,436.4,232780
libc++,pmr,1048576,1048576,1pass,median,159.4,69.5,67.3,296.3,232780
libc++,pmr,1048576,1048576,1pass,min,135.3,54.3,56.2,245.8,232780
libc++,pool_seq,1048576,1048576,1pass,first,116.2,79.6,0.0,195.8,265548
libc++,pool_seq,1048576,1048576,1pass,median,114.8,82.2,0.0,197.5,265548
libc++,pool_seq,1048576,1048576,1pass,min,106.0,69.9,0.0,181.7,265548
libc++,pool_shuf,1048576,1048576,1pass,first,101.9,198.6,0.0,300.6,265548
libc++,pool_shuf,1048576,1048576,1pass,median,140.1,232.6,0.0,373.2,265548
libc++,pool_shuf,1048576,1048576,1pass,min,119.1,151.6,0.0,287.9,265548
libc++,leak,1048576,1048576,1pass,first,380.1,138.1,0.0,518.2,269644
libc++,leak,1048576,1048576,1pass,median,401.9,121.3,0.1,506.4,433484
libc++,leak,1048576,1048576,1pass,min,332.0,103.6,0.1,453.4,433484
libc++,node,1048576,1048576,1pass,first,230.4,33.5,114.3,378.2,509260
libc++,node,1048576,1048576,1pass,median,153.8,34.0,331.3,526.9,509260
libc++,node,1048576,1048576,1pass,min,112.6,21.5,215.1,365.9,509260
libc++,flat,1048576,1048576,1pass,first,46.2,25.0,0.0,71.2,509260
libc++,flat,1048576,1048576,1pass,median,52.8,13.5,0.1,66.3,509260
libc++,flat,1048576,1048576,1pass,min,45.3,13.4,0.0,58.8,509260
libc++,std,1048576,524288,assign,first,173.6,43.1,35.3,251.9,199924
libc++,std,1048576,524288,assign,median,145.4,43.2,66.2,272.7,199984
libc++,std,1048576,524288,assign,min,91.3,31.5,39.7,163.0,199984
libc++,bump,1048576,524288,assign,first,84.2,24.8,0.1,109.1,191856
libc++,bump,1048576,524288,assign,median,96.3,44.4,0.0,141.1,191856
libc++,bump,1048576,524288,assign,min,78.5,32.5,0.0,114.9,191856
libc++,pmr,1048576,524288,assign,first,151.1,45.9,21.9,218.9,191856
libc++,pmr,1048576,524288,assign,median,113.2,36.3,22.0,171.6,191856
libc++,pmr,1048576,524288,assign,min,69.8,24.1,14.2,108.1,191856
libc++,pool_seq,1048576,524288,assign,first,78.4,31.3,0.0,109.8,216432
libc++,pool_seq,1048576,524288,assign,median,62.4,31.6,0.0,94.5,216432
libc++,pool_seq,1048576,524288,assign,min,55.6,31.0,0.0,90.4,216432
libc++,pool_shuf,1048576,524288,assign,first,89.2,128.3,0.1,217.6,216432
libc++,pool_shuf,1048576,524288,assign,median,76.6,124.3,0.0,198.0,216432
libc++,pool_shuf,1048576,524288,assign,min,55.8,114.4,0.0,189.8,216432
libc++,leak,1048576,524288,assign,first,122.3,31.4,0.1,153.8,218484
libc++,leak,1048576,524288,assign,median,164.9,26.2,0.1,185.8,300404
libc++,leak,1048576,524288,assign,min,132.2,20.9,0.0,176.6,300404
libc++,node,1048576,524288,assign,first,223.9,21.7,23.3,268.8,343476
libc++,node,1048576,524288,assign,median,76.2,17.1,83.0,178.9,343476
libc++,node,1048576,524288,assign,min,34.0,9.2,43.6,86.9,343476
libc++,flat,1048576,524288,assign,first,17.3,8.4,0.0,25.7,343476
libc++,flat,1048576,524288,assign,median,13.6,8.3,0.0,21.9,343476
libc++,flat,1048576,524288,assign,min,13.3,8.1,0.0,21.4,343476
libc++,std,1048576,524288,1pass,first,76.7,7.0,8.3,92.0,199880
libc++,std,1048576,524288,1pass,median,49.7,7.7,20.7,80.6,199940
libc++,std,1048576,524288,1pass,min,44.7,7.3,19.4,74.1,199940
libc++,bump,1048576,524288,1pass,first,34.4,7.0,0.0,41.4,191812
libc++,bump,1048576,524288,1pass,median,29.2,6.6,0.0,36.0,191812
libc++,bump,1048576,524288,1pass,min,28.4,6.5,0.0,34.9,191812
libc++,pmr,1048576,524288,1pass,first,36.3,5.9,6.1,48.3,191812
libc++,pmr,1048576,524288,1pass,median,35.7,6.0,6.0,47.5,191812
libc++,pmr,1048576,524288,1pass,min,32.3,5.9,5.8,44.2,191812
libc++,pool_seq,1048576,524288,1pass,first,42.4,7.9,0.1,50.3,216388
libc++,pool_seq,1048576,524288,1pass,median,31.6,7.6,0.0,39.1,216388
libc++,pool_seq,1048576,524288,1pass,min,31.2,7.5,0.0,38.8,216388
libc++,pool_shuf,1048576,524288,1pass,first,36.0,29.9,0.0,65.9,216388
libc++,pool_shuf,1048576,524288,1pass,median,39.3,34.7,0.0,73.9,216388
libc++,pool_shuf,1048576,524288,1pass,min,36.3,30.2,0.0,66.6,216388
libc++,leak,1048576,524288,1pass,first,53.7,7.3,0.1,61.1,218440
libc++,leak,1048576,524288,1pass,median,75.5,7.8,0.0,90.3,300360
libc++,leak,1048576,524288,1pass,min,72.7,6.7,0.0,79.4,300360
libc++,node,1048576,524288,1pass,first,158.9,11.2,15.1,185.3,343368
libc++,node,1048576,524288,1pass,median,40.5,4.6,52.8,101.1,343368
libc++,node,1048576,524288,1pass,min,30.7,4.3,42.3,77.2,343368
libc++,flat,1048576,524288,1pass,first,13.6,4.0,0.0,17.7,343368
libc++,flat,1048576,524288,1pass,median,13.3,4.0,0.0,17.3,343368
libc++,flat,1048576,524288,1pass,min,13.2,3.9,0.0,17.1,343368
libstdc++,std_jemalloc,1048576,1048576,assign,first,99.3,44.1,43.1,186.6,218332
libstdc++,std_jemalloc,1048576,1048576,assign,median,56.4,43.2,30.7,125.8,218436
libstdc++,std_jemalloc,1048576,1048576,assign,min,46.7,41.0,25.6,120.4,218436
libstdc++,node_jemalloc,1048576,1048576,assign,first,59.7,12.4,9.5,81.6,228656
libstdc++,node_jemalloc,1048576,1048576,assign,median,29.4,12.7,9.6,52.3,224804
libstdc++,node_jemalloc,1048576,1048576,assign,min,24.9,12.3,9.2,47.4,224804
libstdc++,flat_jemalloc,1048576,1048576,assign,first,19.9,12.3,0.5,32.7,224804
libstdc++,flat_jemalloc,1048576,1048576,assign,median,24.3,12.4,0.5,39.3,224804
libstdc++,flat_jemalloc,1048576,1048576,assign,min,18.2,12.2,0.5,31.0,224804
libstdc++,std_jemalloc,1048576,524288,assign,first,115.8,11.4,8.1,135.3,199652
libstdc++,std_jemalloc,1048576,524288,assign,median,32.4,11.0,8.1,51.6,198032
libstdc++,std_jemalloc,1048576,524288,assign,min,31.7,10.9,7.8,50.7,198032
libstdc++,node_jemalloc,1048576,524288,assign,first,59.1,8.2,5.4,72.7,208276
libstdc++,node_jemalloc,1048576,524288,assign,median,24.4,8.2,5.3,37.9,208304
libstdc++,node_jemalloc,1048576,524288,assign,min,24.1,8.2,5.2,37.7,208304
libstdc++,flat_jemalloc,1048576,524288,assign,first,17.2,8.2,0.4,25.9,208304
libstdc++,flat_jemalloc,1048576,524288,assign,median,17.1,8.2,0.4,25.7,208304
libstdc++,flat_jemalloc,1048576,524288,assign,min,16.9,8.1,0.4,25.5,208304
libc++,std_jemalloc,1048576,1048576,assign,first,86.9,48.3,29.6,164.8,240204
libc++,std_jemalloc,1048576,1048576,assign,median,63.1,50.9,33.4,149.1,236176
libc++,std_jemalloc,1048576,1048576,assign,min,51.8,46.4,28.8,131.5,236176
libc++,node_jemalloc,1048576,1048576,assign,first,29.3,12.1,9.2,50.7,246548
libc++,node_jemalloc,1048576,1048576,assign,median,25.1,12.2,9.1,46.2,243324
libc++,node_jemalloc,1048576,1048576,assign,min,23.0,12.1,9.0,44.2,243324
libc++,flat_jemalloc,1048576,1048576,assign,first,15.2,11.9,0.4,27.6,243324
libc++,flat_jemalloc,1048576,1048576,assign,median,15.4,12.0,0.4,27.8,243324
libc++,flat_jemalloc,1048576,1048576,assign,min,15.1,11.9,0.4,27.5,243324
libc++,std_jemalloc,1048576,524288,assign,first,57.8,13.6,9.8,81.2,208992
libc++,std_jemalloc,1048576,524288,assign,median,40.5,13.0,9.5,63.5,207612
libc++,std_jemalloc,1048576,524288,assign,min,35.7,12.8,9.1,58.2,207612
libc++,node_jemalloc,1048576,524288,assign,first,32.7,8.0,5.7,46.4,217880
libc++,node_jemalloc,1048576,524288,assign,median,23.6,8.0,5.5,37.2,217196
libc++,node_jemalloc,1048576,524288,assign,min,23.2,8.0,5.4,36.6,217196
libc++,flat_jemalloc,1048576,524288,assign,first,16.5,8.3,0.5,25.2,217196
libc++,flat_jemalloc,1048576,524288,assign,median,16.5,8.2,0.4,25.2,217196
libc++,flat_jemalloc,1048576,524288,assign,min,16.3,8.1,0.4,25.0,217196
