size_mb,op,traffic_bytes,best_gbs,median_gbs,median_ns_per_elem
4,read,4194304,30.67,30.55,0.262
4,write,4194304,30.57,30.16,0.265
4,write_nt,4194304,25.82,25.77,0.310
4,memset,4194304,30.61,30.51,0.262
4,copy,8388608,30.07,29.93,0.535
4,copy_nt,8388608,29.53,29.06,0.551
4,memcpy,8388608,29.98,29.95,0.534
8,read,8388608,31.32,30.02,0.267
8,write,8388608,29.83,29.33,0.273
8,write_nt,8388608,25.96,25.91,0.309
8,memset,8388608,29.89,29.86,0.268
8,copy,16777216,29.92,29.86,0.536
8,copy_nt,16777216,28.24,28.15,0.568
8,memcpy,16777216,29.71,29.53,0.542
16,read,16777216,29.95,29.79,0.269
16,write,16777216,28.51,28.42,0.281
16,write_nt,16777216,24.61,24.20,0.331
16,memset,16777216,29.37,29.12,0.275
16,copy,33554432,29.80,23.80,0.672
16,copy_nt,33554432,28.84,27.65,0.579
16,memcpy,33554432,29.34,24.07,0.665
32,read,33554432,29.88,29.67,0.270
32,write,33554432,28.49,28.23,0.283
32,write_nt,33554432,25.24,24.47,0.327
32,memset,33554432,29.47,26.22,0.305
32,copy,67108864,29.93,10.47,1.529
32,copy_nt,67108864,28.82,6.44,2.484
32,memcpy,67108864,29.72,21.68,0.738
64,read,67108864,29.27,6.50,1.230
64,write,67108864,28.80,6.47,1.236
64,write_nt,67108864,25.31,6.27,1.275
64,memset,67108864,26.53,6.48,1.235
64,copy,134217728,10.57,10.13,1.579
64,copy_nt,134217728,10.53,10.47,1.528
64,memcpy,134217728,10.65,10.19,1.570
128,read,134217728,5.64,4.86,1.645
128,write,134217728,9.51,5.94,1.347
128,write_nt,134217728,9.77,6.17,1.296
128,memset,134217728,6.82,4.94,1.618
128,copy,268435456,7.04,5.72,2.798
128,copy_nt,268435456,10.07,7.55,2.119
128,memcpy,268435456,7.01,5.79,2.765
256,read,268435456,5.22,4.51,1.774
256,write,268435456,3.67,3.47,2.303
256,write_nt,268435456,5.56,5.53,1.446
256,memset,268435456,3.56,2.92,2.742
256,copy,536870912,4.45,4.31,3.712
256,copy_nt,536870912,5.64,5.63,2.841
256,memcpy,536870912,7.18,6.49,2.464
