N,keys,variant,phase,ns_per_elem,gbs
1048576,random,r8,hist,11.459,0.00
1048576,random,r8,p0,2.549,6.28
1048576,random,r8,p1,9.965,1.61
1048576,random,r8,p2,9.587,1.67
1048576,random,r8,p3,2.321,6.89
1048576,random,r8,p4,9.371,1.71
1048576,random,r8,p5,1.935,8.27
1048576,random,r8,p6,1.775,9.02
1048576,random,r8,p7,9.462,1.69
1048576,random,r8,total,61.441,0.00
1048576,random,r8_force,hist,11.607,0.00
1048576,random,r8_force,p0,10.252,1.56
1048576,random,r8_force,p1,2.296,6.97
1048576,random,r8_force,p2,9.161,1.75
1048576,random,r8_force,p3,2.161,7.40
1048576,random,r8_force,p4,9.363,1.71
1048576,random,r8_force,p5,1.710,9.36
1048576,random,r8_force,p6,9.232,1.73
1048576,random,r8_force,p7,1.757,9.11
1048576,random,r8_force,total,57.541,0.00
1048576,random,r8_histpp,hist,0.000,0.00
1048576,random,r8_histpp,p0,11.615,1.38
1048576,random,r8_histpp,p1,11.232,1.42
1048576,random,r8_histpp,p2,10.134,1.58
1048576,random,r8_histpp,p3,2.525,6.34
1048576,random,r8_histpp,p4,9.871,1.62
1048576,random,r8_histpp,p5,10.054,1.59
1048576,random,r8_histpp,p6,2.399,6.67
1048576,random,r8_histpp,p7,9.958,1.61
1048576,random,r8_histpp,total,68.223,0.00
1048576,random,r11,hist,17.054,0.00
1048576,random,r11,p0,18.295,0.87
1048576,random,r11,p1,2.709,5.91
1048576,random,r11,p2,9.831,1.63
1048576,random,r11,p3,9.903,1.62
1048576,random,r11,p4,2.064,7.75
1048576,random,r11,p5,13.106,1.22
1048576,random,r11,total,82.130,0.00
1048576,random,r16,hist,19.637,0.00
1048576,random,r16,p0,42.415,0.38
1048576,random,r16,p1,38.818,0.41
1048576,random,r16,p2,39.172,0.41
1048576,random,r16,p3,39.050,0.41
1048576,random,r16,total,194.679,0.00
1048576,random,r8_pf,hist,6.944,0.00
1048576,random,r8_pf,p0,6.785,2.36
1048576,random,r8_pf,p1,9.795,1.63
1048576,random,r8_pf,p2,2.088,7.66
1048576,random,r8_pf,p3,5.339,3.00
1048576,random,r8_pf,p4,1.610,9.94
1048576,random,r8_pf,p5,1.428,11.21
1048576,random,r8_pf,p6,5.296,3.02
1048576,random,r8_pf,p7,1.417,11.29
1048576,random,r8_pf,total,47.698,0.00
1048576,random,r8_unroll2,hist,6.648,0.00
1048576,random,r8_unroll2,p0,5.617,2.85
1048576,random,r8_unroll2,p1,1.991,8.04
1048576,random,r8_unroll2,p2,5.495,2.91
1048576,random,r8_unroll2,p3,1.767,9.06
1048576,random,r8_unroll2,p4,1.729,9.25
1048576,random,r8_unroll2,p5,1.735,9.22
1048576,random,r8_unroll2,p6,1.612,9.93
1048576,random,r8_unroll2,p7,1.832,8.74
1048576,random,r8_unroll2,total,32.415,0.00
1048576,random,r8_swwc,hist,6.821,0.00
1048576,random,r8_swwc,p0,6.966,2.30
1048576,random,r8_swwc,p1,7.106,2.25
1048576,random,r8_swwc,p2,6.779,2.36
1048576,random,r8_swwc,p3,3.331,4.80
1048576,random,r8_swwc,p4,6.701,2.39
1048576,random,r8_swwc,p5,6.852,2.34
1048576,random,r8_swwc,p6,6.818,2.35
1048576,random,r8_swwc,p7,3.077,5.20
1048576,random,r8_swwc,total,55.205,0.00
1048576,random,r8_swwc_nt,hist,7.675,0.00
1048576,random,r8_swwc_nt,p0,6.323,2.53
1048576,random,r8_swwc_nt,p1,7.207,2.22
1048576,random,r8_swwc_nt,p2,10.586,1.51
1048576,random,r8_swwc_nt,p3,6.753,2.37
1048576,random,r8_swwc_nt,p4,10.571,1.51
1048576,random,r8_swwc_nt,p5,6.853,2.33
1048576,random,r8_swwc_nt,p6,10.458,1.53
1048576,random,r8_swwc_nt,p7,6.805,2.35
1048576,random,r8_swwc_nt,total,80.656,0.00
1048576,random,full,total,66.271,0.00
