lib,path,input,N,U,cmp_per_elem
libstdc++,std::sort(simple),random,1048576,1048576,24.53
libstdc++,pdqsort,random,1048576,1048576,22.36
libstdc++,pdqsort_branchless,random,1048576,1048576,22.10
libstdc++,std::sort(simple),random,1048576,524288,23.32
libstdc++,pdqsort,random,1048576,524288,21.94
libstdc++,pdqsort_branchless,random,1048576,524288,22.03
libstdc++,std::sort(simple),dense,1048576,524288,24.23
libstdc++,pdqsort,dense,1048576,524288,22.13
libstdc++,pdqsort_branchless,dense,1048576,524288,22.20
libstdc++,std::sort(simple),sorted,1048576,1048576,25.63
libstdc++,pdqsort,sorted,1048576,1048576,2.00
libstdc++,pdqsort_branchless,sorted,1048576,1048576,2.00
libstdc++,std::sort(simple),sorted,1048576,524288,24.71
libstdc++,pdqsort,sorted,1048576,524288,2.00
libstdc++,pdqsort_branchless,sorted,1048576,524288,2.00
libstdc++,std::sort(simple),reverse,1048576,1048576,18.13
libstdc++,pdqsort,reverse,1048576,1048576,3.00
libstdc++,pdqsort_branchless,reverse,1048576,1048576,3.00
libstdc++,std::sort(simple),equal,1048576,1,17.19
libstdc++,pdqsort,equal,1048576,1,2.00
libstdc++,pdqsort_branchless,equal,1048576,1,2.00
libstdc++,std::sort(simple),runs,1048576,524288,23.55
libstdc++,pdqsort,runs,1048576,524288,22.60
libstdc++,pdqsort_branchless,runs,1048576,524288,21.97
libstdc++,std::sort(simple),almost01,1048576,1048576,25.62
libstdc++,pdqsort,almost01,1048576,1048576,12.86
libstdc++,pdqsort_branchless,almost01,1048576,1048576,12.85
libstdc++,std::sort(simple),almost,1048576,1048576,25.53
libstdc++,pdqsort,almost,1048576,1048576,16.08
libstdc++,pdqsort_branchless,almost,1048576,1048576,16.07
libstdc++,std::sort(simple),e8,1048576,1048576,37.54
libstdc++,pdqsort,e8,1048576,1048576,22.96
libstdc++,pdqsort_branchless,e8,1048576,1048576,22.80
