lib,march,alg,input,N,U,phase,ns_per_elem
libc++,native,std::sort,random,1048576,1048576,sort,60.032
libc++,native,std::sort,random,1048576,1048576,unique,0.375
libc++,native,std::sort,random,1048576,1048576,unique+erase,0.375
libc++,native,std::sort,random,1048576,1048576,sort+unique+erase,60.412
libc++,native,std::sort(hdr,bitset),random,1048576,1048576,sort,58.520
libc++,native,std::sort(hdr,nobitset),random,1048576,1048576,sort,58.672
libc++,native,pdqsort,random,1048576,1048576,sort,23.356
libc++,native,pdqsort_branchless,random,1048576,1048576,sort,23.778
libc++,native,std::stable_sort,random,1048576,1048576,sort,53.731
libc++,native,std::sort,sorted,1048576,1048576,sort,0.738
libc++,native,pdqsort_branchless,sorted,1048576,1048576,sort,0.739
libc++,native,std::sort,reverse,1048576,1048576,sort,1.055
libc++,native,pdqsort_branchless,reverse,1048576,1048576,sort,1.331
libc++,native,std::sort,equal,1048576,1,sort,0.724
libc++,native,pdqsort_branchless,equal,1048576,1,sort,0.658
libc++,native,std::sort,runs,1048576,524288,sort,53.991
libc++,native,pdqsort_branchless,runs,1048576,524288,sort,23.452
libc++,native,std::sort,almost01,1048576,1048576,sort,3.049
libc++,native,pdqsort_branchless,almost01,1048576,1048576,sort,4.193
libc++,native,std::sort,almost,1048576,1048576,sort,5.909
libc++,native,pdqsort_branchless,almost,1048576,1048576,sort,7.547
libc++,native,std::sort,e8,1048576,1048576,sort,21.068
libc++,native,pdqsort_branchless,e8,1048576,1048576,sort,20.244
libc++,native,std::sort,random,1024,1024,sort,28.203
libc++,native,std::sort,random,4096,4096,sort,34.679
libc++,native,std::sort,random,16384,16384,sort,40.922
libc++,native,std::sort,random,65536,65536,sort,47.388
libc++,native,std::sort,random,262144,262144,sort,53.569
libc++,native,std::sort,random,1048576,1048576,sort,59.135
libc++,native,std::sort,random,4194304,4194304,sort,66.456
