label,toolchain,alg,order,N,U,pool,calls,Ir_el,Bc_el,Bcm_el,Bcm_pct,Bi_el,Bim_el,D1mr_el,DLmr_el,Dr_el
gcc13-libstdc++_sort_random_N1024_U512,gcc13-libstdc++,sort,random,1024,512,8,64,83.33,16.585,4.9534,29.9,0.0018,0.0000,0.0000,0.0000,15.71
gcc13-libstdc++_sort_random_N65536_U32768,gcc13-libstdc++,sort,random,65536,32768,8,8,125.25,25.373,7.5184,29.6,0.0000,0.0000,0.8951,0.0000,24.50
gcc13-libstdc++_uset_random_N1024_U512,gcc13-libstdc++,uset,random,1024,512,8,64,230.10,50.712,0.8762,1.7,3.0088,0.0000,0.0089,0.0001,52.11
gcc13-libstdc++_uset_random_N65536_U32768,gcc13-libstdc++,uset,random,65536,32768,8,8,267.88,56.294,1.0519,1.9,3.0001,0.0000,3.7752,0.0000,62.03
gcc13-libstdc++_flat_random_N1024_U512,gcc13-libstdc++,flat,random,1024,512,8,64,95.50,11.657,1.5698,13.5,0.0088,0.0000,0.0007,0.0000,14.73
gcc13-libstdc++_flat_random_N65536_U32768,gcc13-libstdc++,flat,random,65536,32768,8,8,94.69,11.546,1.5446,13.4,0.0001,0.0000,1.7334,0.0000,14.58
gcc13-libstdc++_radix_random_N1024_U512,gcc13-libstdc++,radix,random,1024,512,8,64,140.20,14.093,0.4486,3.2,0.0069,0.0001,0.0026,0.0000,20.14
gcc13-libstdc++_radix_random_N65536_U32768,gcc13-libstdc++,radix,random,65536,32768,8,8,126.71,11.048,0.4304,3.9,0.0001,0.0000,1.2514,0.0000,18.03
gcc13-libstdc++_sort_sorted_N1024_U512,gcc13-libstdc++,sort,sorted,1024,512,8,64,65.11,13.783,0.9142,6.6,0.0010,0.0000,0.0000,0.0000,13.06
gcc13-libstdc++_sort_sorted_N65536_U32768,gcc13-libstdc++,sort,sorted,65536,32768,8,8,102.07,22.233,0.9240,4.2,0.0000,0.0000,0.8107,0.0000,21.50
gcc13-libstdc++_uset_sorted_N1024_U512,gcc13-libstdc++,uset,sorted,1024,512,8,64,228.85,50.425,0.7620,1.5,3.0088,0.0000,0.0085,0.0001,51.91
gcc13-libstdc++_uset_sorted_N65536_U32768,gcc13-libstdc++,uset,sorted,65536,32768,8,8,266.70,56.022,0.9609,1.7,3.0001,0.0000,2.4179,0.0000,61.85
gcc13-libstdc++_flat_sorted_N1024_U512,gcc13-libstdc++,flat,sorted,1024,512,8,64,95.50,11.656,1.6466,14.1,0.0088,0.0000,0.0007,0.0000,14.73
gcc13-libstdc++_flat_sorted_N65536_U32768,gcc13-libstdc++,flat,sorted,65536,32768,8,8,94.69,11.546,1.6340,14.2,0.0001,0.0000,0.8376,0.0000,14.58
gcc13-libstdc++_radix_sorted_N1024_U512,gcc13-libstdc++,radix,sorted,1024,512,8,64,140.20,14.093,0.4486,3.2,0.0069,0.0001,0.0026,0.0000,20.14
gcc13-libstdc++_radix_sorted_N65536_U32768,gcc13-libstdc++,radix,sorted,65536,32768,8,8,126.71,11.048,0.4304,3.9,0.0001,0.0000,1.2514,0.0000,18.03
clang18-libc++_sort_random_N1024_U512,clang18-libc++,sort,random,1024,512,8,64,77.00,16.280,4.5963,28.2,0.0083,0.0044,0.0000,0.0000,14.02
clang18-libc++_sort_random_N65536_U32768,clang18-libc++,sort,random,65536,32768,8,8,112.29,24.343,7.3465,30.2,0.0067,0.0049,0.6937,0.0000,20.66
clang18-libc++_uset_random_N1024_U512,clang18-libc++,uset,random,1024,512,8,64,262.39,39.152,0.9622,2.5,2.0049,0.0000,0.0058,0.0000,59.37
clang18-libc++_uset_random_N65536_U32768,clang18-libc++,uset,random,65536,32768,8,8,299.98,44.441,1.1676,2.6,2.0001,0.0000,3.8851,0.0000,69.32
clang18-libc++_flat_random_N1024_U512,clang18-libc++,flat,random,1024,512,8,64,91.16,12.147,1.5688,12.9,0.0078,0.0000,0.0036,0.0000,14.24
clang18-libc++_flat_random_N65536_U32768,clang18-libc++,flat,random,65536,32768,8,8,90.33,12.039,1.5460,12.8,0.0001,0.0000,1.7318,0.0000,14.07
clang18-libc++_radix_random_N1024_U512,clang18-libc++,radix,random,1024,512,8,64,123.67,15.599,0.4414,2.8,0.0060,0.0001,0.0043,0.0001,20.14
clang18-libc++_radix_random_N65536_U32768,clang18-libc++,radix,random,65536,32768,8,8,107.75,7.134,0.4307,6.0,0.0001,0.0000,1.2515,0.0000,18.03
clang18-libc++_sort_sorted_N1024_U512,clang18-libc++,sort,sorted,1024,512,8,64,28.86,6.258,0.4575,7.3,0.0020,0.0000,0.0000,0.0000,5.31
clang18-libc++_sort_sorted_N65536_U32768,clang18-libc++,sort,sorted,65536,32768,8,8,26.01,5.669,0.4303,7.6,0.0000,0.0000,0.4516,0.0000,4.67
clang18-libc++_uset_sorted_N1024_U512,clang18-libc++,uset,sorted,1024,512,8,64,261.53,38.874,1.0399,2.7,2.0049,0.0000,0.0057,0.0000,59.18
clang18-libc++_uset_sorted_N65536_U32768,clang18-libc++,uset,sorted,65536,32768,8,8,299.37,44.101,1.2367,2.8,2.0001,0.0000,2.4736,0.0000,69.10
clang18-libc++_flat_sorted_N1024_U512,clang18-libc++,flat,sorted,1024,512,8,64,91.16,12.146,1.6465,13.6,0.0078,0.0000,0.0037,0.0000,14.24
clang18-libc++_flat_sorted_N65536_U32768,clang18-libc++,flat,sorted,65536,32768,8,8,90.33,12.039,1.6353,13.6,0.0001,0.0000,0.8379,0.0000,14.07
clang18-libc++_radix_sorted_N1024_U512,clang18-libc++,radix,sorted,1024,512,8,64,123.67,15.599,0.4414,2.8,0.0060,0.0001,0.0043,0.0001,20.14
clang18-libc++_radix_sorted_N65536_U32768,clang18-libc++,radix,sorted,65536,32768,8,8,107.75,7.134,0.4307,6.0,0.0001,0.0000,1.2515,0.0000,18.03
gcc13-libstdc++_sortonly_random_N65536_U32768,gcc13-libstdc++,sortonly,random,65536,32768,8,8,116.75,23.373,7.0885,30.3,0.0000,0.0000,0.7701,0.0000,23.50
gcc13-libstdc++_sortonly_sorted_N65536_U32768,gcc13-libstdc++,sortonly,sorted,65536,32768,8,8,93.57,20.233,0.4941,2.4,0.0000,0.0000,0.6857,0.0000,20.50
gcc13-libstdc++_unique_sorted_N65536_U32768,gcc13-libstdc++,unique,sorted,65536,32768,8,8,8.50,2.000,0.4299,21.5,0.0000,0.0000,0.1250,0.0000,1.00
gcc13-libstdc++_sortonly_random_N65536_U65536,gcc13-libstdc++,sortonly,random,65536,65536,8,8,117.78,23.539,7.1108,30.2,0.0000,0.0000,0.7318,0.0000,23.67
clang18-libc++_sortonly_random_N65536_U32768,clang18-libc++,sortonly,random,65536,32768,8,8,103.79,22.343,6.9166,31.0,0.0067,0.0049,0.5686,0.0000,19.66
clang18-libc++_sortonly_sorted_N65536_U32768,clang18-libc++,sortonly,sorted,65536,32768,8,8,17.51,3.669,0.0003,0.0,0.0000,0.0000,0.3265,0.0000,3.67
clang18-libc++_unique_sorted_N65536_U32768,clang18-libc++,unique,sorted,65536,32768,8,8,8.50,2.000,0.4300,21.5,0.0000,0.0000,0.1250,0.0000,1.00
clang18-libc++_sortonly_random_N65536_U65536,clang18-libc++,sortonly,random,65536,65536,8,8,105.87,22.721,6.8926,30.3,0.0068,0.0050,0.5779,0.0000,20.05
gcc13-libstdc++_sort_random_N65536_U65536,gcc13-libstdc++,sort,random,65536,65536,8,8,124.78,25.539,7.1109,27.8,0.0000,0.0000,0.8568,0.0000,25.67
gcc13-libstdc++_uset_random_N65536_U65536,gcc13-libstdc++,uset,random,65536,65536,8,8,498.99,91.845,1.7784,1.9,6.0001,0.0000,6.1702,0.0000,118.79
gcc13-libstdc++_flat_random_N65536_U65536,gcc13-libstdc++,flat,random,65536,65536,8,8,124.26,13.123,1.8424,14.0,0.0001,0.0000,1.3094,0.0000,21.17
gcc13-libstdc++_radix_random_N65536_U65536,gcc13-libstdc++,radix,random,65536,65536,8,8,125.22,11.048,0.0006,0.0,0.0001,0.0000,1.2515,0.0000,19.03
clang18-libc++_sort_random_N65536_U65536,clang18-libc++,sort,random,65536,65536,8,8,112.87,24.721,6.8926,27.9,0.0068,0.0050,0.7030,0.0000,22.05
clang18-libc++_uset_random_N65536_U65536,clang18-libc++,uset,random,65536,65536,8,8,532.69,82.693,2.1451,2.6,4.0001,0.0000,6.6145,0.0000,125.05
clang18-libc++_flat_random_N65536_U65536,clang18-libc++,flat,random,65536,65536,8,8,117.00,14.107,1.8385,13.0,0.0001,0.0000,1.3091,0.0000,19.16
clang18-libc++_radix_random_N65536_U65536,clang18-libc++,radix,random,65536,65536,8,8,106.25,7.135,0.0008,0.0,0.0001,0.0000,1.2515,0.0000,19.03
gcc13-libstdc++_sort_random_N16_U8,gcc13-libstdc++,sort,random,16,8,8,4096,43.85,8.391,1.4793,17.6,0.1641,0.0000,0.0000,0.0000,8.01
gcc13-libstdc++_sort_random_N24_U12,gcc13-libstdc++,sort,random,24,12,8,2730,48.07,9.229,1.7039,18.5,0.0886,0.0000,0.0000,0.0000,8.77
gcc13-libstdc++_sort_random_N32_U16,gcc13-libstdc++,sort,random,32,16,8,2048,50.29,9.699,2.1502,22.2,0.0703,0.0000,0.0000,0.0000,9.16
gcc13-libstdc++_sort_random_N64_U32,gcc13-libstdc++,sort,random,64,32,8,1024,57.11,11.102,2.9198,26.3,0.0391,0.0000,0.0000,0.0000,10.40
gcc13-libstdc++_sort_random_N128_U64,gcc13-libstdc++,sort,random,128,64,8,512,62.79,12.248,3.6273,29.6,0.0225,0.0000,0.0000,0.0000,11.48
gcc13-libstdc++_sort_random_N256_U128,gcc13-libstdc++,sort,random,256,128,8,256,68.90,13.570,4.0137,29.6,0.0107,0.0000,0.0000,0.0000,12.73
gcc13-libstdc++_sort_random_N4096_U2048,gcc13-libstdc++,sort,random,4096,2048,8,16,96.99,19.471,5.8364,30.0,0.0007,0.0000,0.0594,0.0000,18.61
gcc13-libstdc++_sort_random_N16384_U8192,gcc13-libstdc++,sort,random,16384,8192,8,8,111.35,22.485,6.6491,29.6,0.0002,0.0000,0.5494,0.0000,21.61
clang18-libc++_sort_random_N16_U8,clang18-libc++,sort,random,16,8,8,4096,49.94,11.219,1.4377,12.8,0.1250,0.0000,0.0000,0.0000,7.71
clang18-libc++_sort_random_N24_U12,clang18-libc++,sort,random,24,12,8,2730,51.67,10.770,1.6267,15.1,0.1042,0.0104,0.0000,0.0000,8.84
clang18-libc++_sort_random_N32_U16,clang18-libc++,sort,random,32,16,8,2048,49.18,9.988,1.9274,19.3,0.0781,0.0117,0.0000,0.0000,8.62
clang18-libc++_sort_random_N64_U32,clang18-libc++,sort,random,64,32,8,1024,55.51,11.500,2.4370,21.2,0.0352,0.0039,0.0000,0.0000,9.78
clang18-libc++_sort_random_N128_U64,clang18-libc++,sort,random,128,64,8,512,60.49,12.688,3.2289,25.4,0.0205,0.0049,0.0000,0.0000,10.77
clang18-libc++_sort_random_N256_U128,clang18-libc++,sort,random,256,128,8,256,66.34,13.916,3.5723,25.7,0.0132,0.0029,0.0000,0.0000,11.96
clang18-libc++_sort_random_N4096_U2048,clang18-libc++,sort,random,4096,2048,8,16,89.41,19.110,5.5180,28.9,0.0070,0.0049,0.0601,0.0000,16.41
clang18-libc++_sort_random_N16384_U8192,clang18-libc++,sort,random,16384,8192,8,8,100.56,21.651,6.4642,29.9,0.0071,0.0051,0.4216,0.0000,18.45
clang18-libc++_sortless_random_N65536_U32768,clang18-libc++,sortless,random,65536,32768,8,8,112.29,24.343,7.3466,30.2,0.0067,0.0049,0.6937,0.0000,20.66
clang18-libc++_sortless_random_N1024_U512,clang18-libc++,sortless,random,1024,512,8,64,77.00,16.280,4.5969,28.2,0.0083,0.0044,0.0000,0.0000,14.02
