toolchain,kind,U,p,Q,ns_per_query_med,min,max,sink
gcc13-libstdc++,uset,1024,0.00,65536,14.62,14.46,320.73,0
gcc13-libstdc++,uset,1024,0.50,65536,18.02,17.26,201.74,0
gcc13-libstdc++,uset,1024,1.00,65536,10.23,10.17,255.27,1
gcc13-libstdc++,uset,65536,0.00,65536,24.81,22.75,270.48,0
gcc13-libstdc++,uset,65536,0.50,65536,29.32,28.19,156.44,0
gcc13-libstdc++,uset,65536,1.00,65536,18.49,17.63,142.65,1
gcc13-libstdc++,uset,1048576,0.00,65536,162.52,40.01,167.42,0
gcc13-libstdc++,uset,1048576,0.50,65536,178.12,174.10,431.66,0
gcc13-libstdc++,uset,1048576,1.00,65536,158.15,35.17,164.33,1
gcc13-libstdc++,uset,4194304,0.00,65536,199.45,193.96,318.85,0
gcc13-libstdc++,uset,4194304,0.50,65536,212.15,206.35,334.27,1
gcc13-libstdc++,uset,4194304,1.00,65536,183.86,182.43,187.94,1
gcc13-libstdc++,flat,1024,0.00,65536,2.65,2.48,369.77,0
gcc13-libstdc++,flat,1024,0.50,65536,7.13,7.10,252.92,0
gcc13-libstdc++,flat,1024,1.00,65536,3.19,2.70,3.63,1
gcc13-libstdc++,flat,65536,0.00,65536,2.85,2.79,2.90,0
gcc13-libstdc++,flat,65536,0.50,65536,8.15,7.95,8.64,0
gcc13-libstdc++,flat,65536,1.00,65536,2.50,2.44,2.54,1
gcc13-libstdc++,flat,1048576,0.00,65536,7.69,7.61,131.68,0
gcc13-libstdc++,flat,1048576,0.50,65536,12.83,12.48,257.64,0
gcc13-libstdc++,flat,1048576,1.00,65536,9.72,9.37,254.52,1
gcc13-libstdc++,flat,4194304,0.00,65536,14.03,13.64,138.27,0
gcc13-libstdc++,flat,4194304,0.50,65536,18.88,18.80,143.74,1
gcc13-libstdc++,flat,4194304,1.00,65536,15.89,15.40,140.05,1
gcc13-libstdc++,lower_bound,1024,0.00,65536,293.07,47.40,414.99,0
gcc13-libstdc++,lower_bound,1024,0.50,65536,293.66,49.70,294.23,0
gcc13-libstdc++,lower_bound,1024,1.00,65536,171.41,48.09,293.35,1
gcc13-libstdc++,lower_bound,65536,0.00,65536,341.10,338.70,589.28,0
gcc13-libstdc++,lower_bound,65536,0.50,65536,340.52,217.32,401.84,0
gcc13-libstdc++,lower_bound,65536,1.00,65536,401.71,216.99,585.17,1
gcc13-libstdc++,lower_bound,1048576,0.00,65536,915.20,909.76,1402.90,0
gcc13-libstdc++,lower_bound,1048576,0.50,65536,920.51,849.87,1169.20,0
gcc13-libstdc++,lower_bound,1048576,1.00,65536,907.01,784.33,910.68,1
gcc13-libstdc++,lower_bound,4194304,0.00,65536,1130.59,1117.60,1258.59,0
gcc13-libstdc++,lower_bound,4194304,0.50,65536,1276.09,1152.92,2003.84,1
gcc13-libstdc++,lower_bound,4194304,1.00,65536,1270.88,1149.75,1698.15,1
clang18-libc++,uset,1024,0.00,65536,8.66,8.60,253.75,0
clang18-libc++,uset,1024,0.50,65536,10.78,10.66,255.95,0
clang18-libc++,uset,1024,1.00,65536,7.01,6.81,374.42,1
clang18-libc++,uset,65536,0.00,65536,17.39,15.91,262.50,0
clang18-libc++,uset,65536,0.50,65536,20.42,19.74,387.64,0
clang18-libc++,uset,65536,1.00,65536,12.03,11.86,379.79,1
clang18-libc++,uset,1048576,0.00,65536,159.18,33.91,165.16,0
clang18-libc++,uset,1048576,0.50,65536,98.68,35.95,224.55,0
clang18-libc++,uset,1048576,1.00,65536,155.03,32.06,159.46,1
clang18-libc++,uset,4194304,0.00,65536,185.93,181.62,493.04,0
clang18-libc++,uset,4194304,0.50,65536,132.77,129.87,202.85,1
clang18-libc++,uset,4194304,1.00,65536,121.03,113.82,126.78,1
clang18-libc++,flat,1024,0.00,65536,2.35,2.30,2.38,0
clang18-libc++,flat,1024,0.50,65536,7.00,6.89,68.99,0
clang18-libc++,flat,1024,1.00,65536,1.85,1.78,1.87,1
clang18-libc++,flat,65536,0.00,65536,2.70,2.68,3.49,0
clang18-libc++,flat,65536,0.50,65536,7.70,7.67,70.49,0
clang18-libc++,flat,65536,1.00,65536,2.17,2.12,2.30,1
clang18-libc++,flat,1048576,0.00,65536,9.42,9.32,132.36,0
clang18-libc++,flat,1048576,0.50,65536,13.14,13.08,75.92,0
clang18-libc++,flat,1048576,1.00,65536,10.17,8.77,71.79,1
clang18-libc++,flat,4194304,0.00,65536,16.62,16.34,79.80,0
clang18-libc++,flat,4194304,0.50,65536,21.41,20.29,83.30,1
clang18-libc++,flat,4194304,1.00,65536,16.54,15.40,78.87,1
clang18-libc++,lower_bound,1024,0.00,65536,9.46,9.25,71.90,0
clang18-libc++,lower_bound,1024,0.50,65536,9.46,9.24,70.79,0
clang18-libc++,lower_bound,1024,1.00,65536,9.75,9.24,71.90,1
clang18-libc++,lower_bound,65536,0.00,65536,157.32,32.92,158.35,0
clang18-libc++,lower_bound,65536,0.50,65536,96.53,33.05,97.54,0
clang18-libc++,lower_bound,65536,1.00,65536,96.33,32.88,96.71,1
clang18-libc++,lower_bound,1048576,0.00,65536,471.68,409.68,477.26,0
clang18-libc++,lower_bound,1048576,0.50,65536,474.29,341.03,536.68,0
clang18-libc++,lower_bound,1048576,1.00,65536,472.28,223.15,693.79,1
clang18-libc++,lower_bound,4194304,0.00,65536,858.01,785.03,959.06,0
clang18-libc++,lower_bound,4194304,0.50,65536,859.21,843.56,864.27,1
clang18-libc++,lower_bound,4194304,1.00,65536,745.92,735.51,807.44,1
