mode,session,toolchain,variant,alg,order,N,U,pool,batch,calls,elements,ns_per_el_med,min,max,blocks
time,t1,gcc13-libstdc++,a_one_array_restored,sort,random,1024,512,1,1,1024,1048576,96.169,58.285,141.054,7
time,t1,gcc13-libstdc++,a_one_array_restored,uset,random,1024,512,1,1,1024,1048576,110.369,34.145,156.805,7
time,t1,gcc13-libstdc++,a_one_array_restored,flat,random,1024,512,1,1,1024,1048576,65.956,28.531,162.159,7
time,t1,gcc13-libstdc++,a_one_array_restored,radix,random,1024,512,1,1,1024,1048576,75.193,40.866,86.723,7
time,t1,gcc13-libstdc++,b_64_identical_copies,sort,random,1024,512,1,64,1024,1048576,57.236,26.251,87.291,7
time,t1,gcc13-libstdc++,b_64_identical_copies,uset,random,1024,512,1,64,1024,1048576,79.514,32.498,143.552,7
time,t1,gcc13-libstdc++,b_64_identical_copies,flat,random,1024,512,1,64,1024,1048576,73.379,42.767,88.564,7
time,t1,gcc13-libstdc++,b_64_identical_copies,radix,random,1024,512,1,64,1024,1048576,71.975,41.419,87.429,7
time,t1,gcc13-libstdc++,c_64_different,sort,random,1024,512,64,64,1024,1048576,192.341,155.889,231.291,7
time,t1,gcc13-libstdc++,c_64_different,uset,random,1024,512,64,64,1024,1048576,149.041,103.313,180.384,7
time,t1,gcc13-libstdc++,c_64_different,flat,random,1024,512,64,64,1024,1048576,72.299,45.614,99.209,7
time,t1,gcc13-libstdc++,c_64_different,radix,random,1024,512,64,64,1024,1048576,74.984,59.466,105.383,7
time,t1,gcc13-libstdc++,e_64_different_one_buffer,sort,random,1024,512,64,1,1024,1048576,205.314,129.041,265.403,7
time,t1,gcc13-libstdc++,e_64_different_one_buffer,uset,random,1024,512,64,1,1024,1048576,102.578,52.340,148.517,7
time,t1,gcc13-libstdc++,e_64_different_one_buffer,flat,random,1024,512,64,1,1024,1048576,61.521,31.245,91.681,7
time,t1,gcc13-libstdc++,e_64_different_one_buffer,radix,random,1024,512,64,1,1024,1048576,73.655,13.586,126.084,7
time,t1,gcc13-libstdc++,f_2_different_one_buffer,sort,random,1024,512,2,1,1024,1048576,139.295,98.899,197.474,7
time,t1,gcc13-libstdc++,f_2_different_one_buffer,uset,random,1024,512,2,1,1024,1048576,74.076,35.737,142.138,7
time,t1,gcc13-libstdc++,f_2_different_one_buffer,flat,random,1024,512,2,1,1024,1048576,60.286,44.990,106.140,7
time,t1,gcc13-libstdc++,f_2_different_one_buffer,radix,random,1024,512,2,1,1024,1048576,58.846,43.227,112.050,7
time,t1,gcc13-libstdc++,f_4_different_one_buffer,sort,random,1024,512,4,1,1024,1048576,185.780,132.383,223.591,7
time,t1,gcc13-libstdc++,f_4_different_one_buffer,uset,random,1024,512,4,1,1024,1048576,114.182,71.248,144.103,7
time,t1,gcc13-libstdc++,f_4_different_one_buffer,flat,random,1024,512,4,1,1024,1048576,64.823,49.300,156.386,7
time,t1,gcc13-libstdc++,f_4_different_one_buffer,radix,random,1024,512,4,1,1024,1048576,58.518,38.992,92.804,7
time,t1,gcc13-libstdc++,f_16_different_one_buffer,sort,random,1024,512,16,1,1024,1048576,160.078,109.830,255.789,7
time,t1,gcc13-libstdc++,f_16_different_one_buffer,uset,random,1024,512,16,1,1024,1048576,98.597,67.945,128.930,7
time,t1,gcc13-libstdc++,f_16_different_one_buffer,flat,random,1024,512,16,1,1024,1048576,76.740,61.109,110.882,7
time,t1,gcc13-libstdc++,f_16_different_one_buffer,radix,random,1024,512,16,1,1024,1048576,83.097,44.890,90.588,7
time,t1,gcc13-libstdc++,a_one_array_restored,sort,random,1024,1024,1,1,1024,1048576,130.565,88.761,180.578,7
time,t1,gcc13-libstdc++,a_one_array_restored,uset,random,1024,1024,1,1,1024,1048576,128.646,109.733,159.405,7
time,t1,gcc13-libstdc++,a_one_array_restored,flat,random,1024,1024,1,1,1024,1048576,78.647,63.276,158.822,7
time,t1,gcc13-libstdc++,a_one_array_restored,radix,random,1024,1024,1,1,1024,1048576,75.542,14.317,102.062,7
time,t1,gcc13-libstdc++,b_64_identical_copies,sort,random,1024,1024,1,64,1024,1048576,56.367,56.032,71.664,7
time,t1,gcc13-libstdc++,b_64_identical_copies,uset,random,1024,1024,1,64,1024,1048576,159.805,125.513,201.506,7
time,t1,gcc13-libstdc++,b_64_identical_copies,flat,random,1024,1024,1,64,1024,1048576,89.610,74.391,116.229,7
time,t1,gcc13-libstdc++,b_64_identical_copies,radix,random,1024,1024,1,64,1024,1048576,39.583,12.657,58.594,7
time,t1,gcc13-libstdc++,c_64_different,sort,random,1024,1024,64,64,1024,1048576,141.187,109.124,183.093,7
time,t1,gcc13-libstdc++,c_64_different,uset,random,1024,1024,64,64,1024,1048576,208.864,154.750,247.877,7
time,t1,gcc13-libstdc++,c_64_different,flat,random,1024,1024,64,64,1024,1048576,93.611,62.914,131.712,7
time,t1,gcc13-libstdc++,c_64_different,radix,random,1024,1024,64,64,1024,1048576,39.571,24.240,77.712,7
time,t1,gcc13-libstdc++,e_64_different_one_buffer,sort,random,1024,1024,64,1,1024,1048576,152.825,99.513,275.418,7
time,t1,gcc13-libstdc++,e_64_different_one_buffer,uset,random,1024,1024,64,1,1024,1048576,137.516,122.279,214.208,7
time,t1,gcc13-libstdc++,e_64_different_one_buffer,flat,random,1024,1024,64,1,1024,1048576,93.847,48.172,158.800,7
time,t1,gcc13-libstdc++,e_64_different_one_buffer,radix,random,1024,1024,64,1,1024,1048576,38.017,7.321,99.123,7
time,t1,gcc13-libstdc++,f_2_different_one_buffer,sort,random,1024,1024,2,1,1024,1048576,111.864,81.441,150.474,7
time,t1,gcc13-libstdc++,f_2_different_one_buffer,uset,random,1024,1024,2,1,1024,1048576,82.914,67.253,110.601,7
time,t1,gcc13-libstdc++,f_2_different_one_buffer,flat,random,1024,1024,2,1,1024,1048576,48.308,36.323,98.485,7
time,t1,gcc13-libstdc++,f_2_different_one_buffer,radix,random,1024,1024,2,1,1024,1048576,22.628,18.764,37.873,7
time,t1,gcc13-libstdc++,f_4_different_one_buffer,sort,random,1024,1024,4,1,1024,1048576,114.811,71.761,198.599,7
time,t1,gcc13-libstdc++,f_4_different_one_buffer,uset,random,1024,1024,4,1,1024,1048576,83.258,57.259,122.251,7
time,t1,gcc13-libstdc++,f_4_different_one_buffer,flat,random,1024,1024,4,1,1024,1048576,51.585,21.992,101.425,7
time,t1,gcc13-libstdc++,f_4_different_one_buffer,radix,random,1024,1024,4,1,1024,1048576,23.027,15.038,34.194,7
time,t1,gcc13-libstdc++,f_16_different_one_buffer,sort,random,1024,1024,16,1,1024,1048576,122.208,95.498,137.424,7
time,t1,gcc13-libstdc++,f_16_different_one_buffer,uset,random,1024,1024,16,1,1024,1048576,122.209,68.597,131.493,7
time,t1,gcc13-libstdc++,f_16_different_one_buffer,flat,random,1024,1024,16,1,1024,1048576,63.594,43.509,98.301,7
time,t1,gcc13-libstdc++,f_16_different_one_buffer,radix,random,1024,1024,16,1,1024,1048576,21.266,15.047,57.092,7
time,t1,gcc13-libstdc++,s_one_array_sorted,sort,sorted,1024,512,1,1,1024,1048576,17.271,9.181,42.730,7
time,t1,gcc13-libstdc++,s_one_array_sorted,uset,sorted,1024,512,1,1,1024,1048576,56.431,34.738,105.934,7
time,t1,gcc13-libstdc++,s_one_array_sorted,flat,sorted,1024,512,1,1,1024,1048576,36.921,22.075,83.127,7
time,t1,gcc13-libstdc++,s_one_array_sorted,radix,sorted,1024,512,1,1,1024,1048576,46.642,19.475,60.934,7
time,t1,gcc13-libstdc++,s_64_different_sorted,sort,sorted,1024,512,64,1,1024,1048576,26.697,9.061,51.271,7
time,t1,gcc13-libstdc++,s_64_different_sorted,uset,sorted,1024,512,64,1,1024,1048576,74.297,39.976,93.172,7
time,t1,gcc13-libstdc++,s_64_different_sorted,flat,sorted,1024,512,64,1,1024,1048576,55.252,39.094,77.496,7
time,t1,gcc13-libstdc++,s_64_different_sorted,radix,sorted,1024,512,64,1,1024,1048576,48.977,41.480,102.602,7
time,t1,gcc13-libstdc++,pool64,sort,random,16,8,64,64,65536,1048576,18.818,3.680,34.137,7
time,t1,gcc13-libstdc++,pool64,uset,random,16,8,64,64,65536,1048576,31.399,20.186,48.380,7
time,t1,gcc13-libstdc++,pool64,flat,random,16,8,64,64,65536,1048576,23.188,15.393,38.892,7
time,t1,gcc13-libstdc++,pool64,radix,random,16,8,64,64,65536,1048576,170.189,124.584,192.268,7
time,t1,gcc13-libstdc++,pool_256K_elems,sort,random,16,8,16384,64,65536,1048576,38.432,19.171,73.005,7
time,t1,gcc13-libstdc++,pool_256K_elems,uset,random,16,8,16384,64,65536,1048576,50.016,40.240,82.605,7
time,t1,gcc13-libstdc++,pool_256K_elems,flat,random,16,8,16384,64,65536,1048576,71.064,44.335,101.750,7
time,t1,gcc13-libstdc++,pool_256K_elems,radix,random,16,8,16384,64,65536,1048576,177.869,132.750,247.352,7
time,t1,gcc13-libstdc++,pool64,sort,random,64,32,64,64,16384,1048576,65.941,48.264,89.140,7
time,t1,gcc13-libstdc++,pool64,uset,random,64,32,64,64,16384,1048576,64.506,40.815,113.025,7
time,t1,gcc13-libstdc++,pool64,flat,random,64,32,64,64,16384,1048576,66.984,14.993,73.552,7
time,t1,gcc13-libstdc++,pool64,radix,random,64,32,64,64,16384,1048576,67.505,46.589,85.887,7
time,t1,gcc13-libstdc++,pool_256K_elems,sort,random,64,32,4096,64,16384,1048576,96.858,37.042,186.951,7
time,t1,gcc13-libstdc++,pool_256K_elems,uset,random,64,32,4096,64,16384,1048576,92.194,25.494,195.111,7
time,t1,gcc13-libstdc++,pool_256K_elems,flat,random,64,32,4096,64,16384,1048576,55.774,23.791,95.574,7
time,t1,gcc13-libstdc++,pool_256K_elems,radix,random,64,32,4096,64,16384,1048576,86.257,43.255,105.634,7
time,t1,gcc13-libstdc++,pool64,sort,random,256,128,64,64,4096,1048576,90.135,73.678,185.705,7
time,t1,gcc13-libstdc++,pool64,uset,random,256,128,64,64,4096,1048576,89.893,78.976,110.406,7
time,t1,gcc13-libstdc++,pool64,flat,random,256,128,64,64,4096,1048576,35.034,19.473,82.132,7
time,t1,gcc13-libstdc++,pool64,radix,random,256,128,64,64,4096,1048576,68.705,23.772,118.440,7
time,t1,gcc13-libstdc++,pool_256K_elems,sort,random,256,128,1024,64,4096,1048576,97.448,81.643,119.902,7
time,t1,gcc13-libstdc++,pool_256K_elems,uset,random,256,128,1024,64,4096,1048576,81.181,73.858,123.425,7
time,t1,gcc13-libstdc++,pool_256K_elems,flat,random,256,128,1024,64,4096,1048576,42.368,30.921,76.839,7
time,t1,gcc13-libstdc++,pool_256K_elems,radix,random,256,128,1024,64,4096,1048576,37.910,22.614,131.033,7
time,t1,clang18-libc++,a_one_array_restored,sort,random,1024,512,1,1,1024,1048576,40.931,17.718,48.714,7
time,t1,clang18-libc++,a_one_array_restored,uset,random,1024,512,1,1,1024,1048576,31.041,16.864,62.480,7
time,t1,clang18-libc++,a_one_array_restored,flat,random,1024,512,1,1,1024,1048576,50.949,12.746,61.234,7
time,t1,clang18-libc++,a_one_array_restored,radix,random,1024,512,1,1,1024,1048576,29.919,14.749,60.679,7
time,t1,clang18-libc++,b_64_identical_copies,sort,random,1024,512,1,64,1024,1048576,27.143,19.284,34.888,7
time,t1,clang18-libc++,b_64_identical_copies,uset,random,1024,512,1,64,1024,1048576,44.477,31.944,56.021,7
time,t1,clang18-libc++,b_64_identical_copies,flat,random,1024,512,1,64,1024,1048576,42.876,24.096,54.386,7
time,t1,clang18-libc++,b_64_identical_copies,radix,random,1024,512,1,64,1024,1048576,20.423,13.869,25.691,7
time,t1,clang18-libc++,c_64_different,sort,random,1024,512,64,64,1024,1048576,81.472,73.736,99.611,7
time,t1,clang18-libc++,c_64_different,uset,random,1024,512,64,64,1024,1048576,58.522,47.102,85.451,7
time,t1,clang18-libc++,c_64_different,flat,random,1024,512,64,64,1024,1048576,34.295,30.025,45.313,7
time,t1,clang18-libc++,c_64_different,radix,random,1024,512,64,64,1024,1048576,29.087,27.459,42.792,7
time,t1,clang18-libc++,e_64_different_one_buffer,sort,random,1024,512,64,1,1024,1048576,63.931,46.211,103.708,7
time,t1,clang18-libc++,e_64_different_one_buffer,uset,random,1024,512,64,1,1024,1048576,30.764,26.844,42.218,7
time,t1,clang18-libc++,e_64_different_one_buffer,flat,random,1024,512,64,1,1024,1048576,27.830,18.754,54.019,7
time,t1,clang18-libc++,e_64_different_one_buffer,radix,random,1024,512,64,1,1024,1048576,16.772,16.509,35.738,7
time,t1,clang18-libc++,f_2_different_one_buffer,sort,random,1024,512,2,1,1024,1048576,45.575,25.751,86.174,7
time,t1,clang18-libc++,f_2_different_one_buffer,uset,random,1024,512,2,1,1024,1048576,28.922,17.066,58.466,7
time,t1,clang18-libc++,f_2_different_one_buffer,flat,random,1024,512,2,1,1024,1048576,17.981,13.908,37.572,7
time,t1,clang18-libc++,f_2_different_one_buffer,radix,random,1024,512,2,1,1024,1048576,14.823,10.900,44.051,7
time,t1,clang18-libc++,f_4_different_one_buffer,sort,random,1024,512,4,1,1024,1048576,49.203,37.859,87.620,7
time,t1,clang18-libc++,f_4_different_one_buffer,uset,random,1024,512,4,1,1024,1048576,33.914,26.206,60.951,7
time,t1,clang18-libc++,f_4_different_one_buffer,flat,random,1024,512,4,1,1024,1048576,26.124,14.411,49.020,7
time,t1,clang18-libc++,f_4_different_one_buffer,radix,random,1024,512,4,1,1024,1048576,24.627,16.885,36.126,7
time,t1,clang18-libc++,f_16_different_one_buffer,sort,random,1024,512,16,1,1024,1048576,82.269,46.863,91.201,7
time,t1,clang18-libc++,f_16_different_one_buffer,uset,random,1024,512,16,1,1024,1048576,45.958,18.884,68.883,7
time,t1,clang18-libc++,f_16_different_one_buffer,flat,random,1024,512,16,1,1024,1048576,37.859,32.004,66.904,7
time,t1,clang18-libc++,f_16_different_one_buffer,radix,random,1024,512,16,1,1024,1048576,26.473,15.180,39.183,7
time,t1,clang18-libc++,a_one_array_restored,sort,random,1024,1024,1,1,1024,1048576,42.243,30.621,80.502,7
time,t1,clang18-libc++,a_one_array_restored,uset,random,1024,1024,1,1,1024,1048576,57.484,46.108,66.666,7
time,t1,clang18-libc++,a_one_array_restored,flat,random,1024,1024,1,1,1024,1048576,40.048,17.262,47.823,7
time,t1,clang18-libc++,a_one_array_restored,radix,random,1024,1024,1,1,1024,1048576,26.806,19.057,42.042,7
time,t1,clang18-libc++,b_64_identical_copies,sort,random,1024,1024,1,64,1024,1048576,27.984,19.275,32.766,7
time,t1,clang18-libc++,b_64_identical_copies,uset,random,1024,1024,1,64,1024,1048576,59.170,55.247,66.572,7
time,t1,clang18-libc++,b_64_identical_copies,flat,random,1024,1024,1,64,1024,1048576,30.874,24.328,39.874,7
time,t1,clang18-libc++,b_64_identical_copies,radix,random,1024,1024,1,64,1024,1048576,19.953,12.122,23.786,7
time,t1,clang18-libc++,c_64_different,sort,random,1024,1024,64,64,1024,1048576,46.364,35.260,56.593,7
time,t1,clang18-libc++,c_64_different,uset,random,1024,1024,64,64,1024,1048576,61.294,50.319,80.909,7
time,t1,clang18-libc++,c_64_different,flat,random,1024,1024,64,64,1024,1048576,24.342,20.643,30.856,7
time,t1,clang18-libc++,c_64_different,radix,random,1024,1024,64,64,1024,1048576,12.423,8.609,21.005,7
time,t1,clang18-libc++,e_64_different_one_buffer,sort,random,1024,1024,64,1,1024,1048576,40.856,40.687,56.180,7
time,t1,clang18-libc++,e_64_different_one_buffer,uset,random,1024,1024,64,1,1024,1048576,49.213,31.335,58.701,7
time,t1,clang18-libc++,e_64_different_one_buffer,flat,random,1024,1024,64,1,1024,1048576,20.609,16.834,25.027,7
time,t1,clang18-libc++,e_64_different_one_buffer,radix,random,1024,1024,64,1,1024,1048576,14.348,12.160,16.146,7
time,t1,clang18-libc++,f_2_different_one_buffer,sort,random,1024,1024,2,1,1024,1048576,43.403,30.541,60.993,7
time,t1,clang18-libc++,f_2_different_one_buffer,uset,random,1024,1024,2,1,1024,1048576,34.679,30.386,49.616,7
time,t1,clang18-libc++,f_2_different_one_buffer,flat,random,1024,1024,2,1,1024,1048576,24.473,16.790,48.858,7
time,t1,clang18-libc++,f_2_different_one_buffer,radix,random,1024,1024,2,1,1024,1048576,11.239,7.408,18.970,7
time,t1,clang18-libc++,f_4_different_one_buffer,sort,random,1024,1024,4,1,1024,1048576,36.942,32.755,51.538,7
time,t1,clang18-libc++,f_4_different_one_buffer,uset,random,1024,1024,4,1,1024,1048576,44.549,27.551,54.713,7
time,t1,clang18-libc++,f_4_different_one_buffer,flat,random,1024,1024,4,1,1024,1048576,32.365,20.780,47.559,7
time,t1,clang18-libc++,f_4_different_one_buffer,radix,random,1024,1024,4,1,1024,1048576,16.190,15.946,23.703,7
time,t1,clang18-libc++,f_16_different_one_buffer,sort,random,1024,1024,16,1,1024,1048576,48.421,36.742,52.238,7
time,t1,clang18-libc++,f_16_different_one_buffer,uset,random,1024,1024,16,1,1024,1048576,40.655,32.059,50.967,7
time,t1,clang18-libc++,f_16_different_one_buffer,flat,random,1024,1024,16,1,1024,1048576,28.360,20.783,32.906,7
time,t1,clang18-libc++,f_16_different_one_buffer,radix,random,1024,1024,16,1,1024,1048576,12.917,8.995,20.879,7
time,t1,clang18-libc++,s_one_array_sorted,sort,sorted,1024,512,1,1,1024,1048576,2.322,2.060,5.937,7
time,t1,clang18-libc++,s_one_array_sorted,uset,sorted,1024,512,1,1,1024,1048576,22.980,14.946,33.606,7
time,t1,clang18-libc++,s_one_array_sorted,flat,sorted,1024,512,1,1,1024,1048576,21.065,13.028,24.723,7
time,t1,clang18-libc++,s_one_array_sorted,radix,sorted,1024,512,1,1,1024,1048576,14.293,13.986,25.749,7
time,t1,clang18-libc++,s_64_different_sorted,sort,sorted,1024,512,64,1,1024,1048576,8.043,4.211,20.113,7
time,t1,clang18-libc++,s_64_different_sorted,uset,sorted,1024,512,64,1,1024,1048576,29.746,23.292,49.583,7
time,t1,clang18-libc++,s_64_different_sorted,flat,sorted,1024,512,64,1,1024,1048576,31.419,16.317,91.184,7
time,t1,clang18-libc++,s_64_different_sorted,radix,sorted,1024,512,64,1,1024,1048576,19.317,11.752,44.520,7
time,t1,clang18-libc++,pool64,sort,random,16,8,64,64,65536,1048576,7.043,3.212,7.228,7
time,t1,clang18-libc++,pool64,uset,random,16,8,64,64,65536,1048576,19.439,16.303,26.939,7
time,t1,clang18-libc++,pool64,flat,random,16,8,64,64,65536,1048576,8.216,7.945,15.677,7
time,t1,clang18-libc++,pool64,radix,random,16,8,64,64,65536,1048576,67.951,60.854,75.772,7
time,t1,clang18-libc++,pool_256K_elems,sort,random,16,8,16384,64,65536,1048576,24.088,16.173,48.435,7
time,t1,clang18-libc++,pool_256K_elems,uset,random,16,8,16384,64,65536,1048576,21.731,17.605,32.948,7
time,t1,clang18-libc++,pool_256K_elems,flat,random,16,8,16384,64,65536,1048576,25.465,17.719,29.215,7
time,t1,clang18-libc++,pool_256K_elems,radix,random,16,8,16384,64,65536,1048576,73.386,54.123,85.137,7
time,t1,clang18-libc++,pool64,sort,random,64,32,64,64,16384,1048576,29.259,17.229,40.080,7
time,t1,clang18-libc++,pool64,uset,random,64,32,64,64,16384,1048576,19.512,15.625,30.796,7
time,t1,clang18-libc++,pool64,flat,random,64,32,64,64,16384,1048576,22.979,18.799,35.078,7
time,t1,clang18-libc++,pool64,radix,random,64,32,64,64,16384,1048576,31.596,20.115,43.480,7
time,t1,clang18-libc++,pool_256K_elems,sort,random,64,32,4096,64,16384,1048576,27.592,23.060,34.166,7
time,t1,clang18-libc++,pool_256K_elems,uset,random,64,32,4096,64,16384,1048576,28.442,24.492,32.270,7
time,t1,clang18-libc++,pool_256K_elems,flat,random,64,32,4096,64,16384,1048576,19.903,19.805,31.367,7
time,t1,clang18-libc++,pool_256K_elems,radix,random,64,32,4096,64,16384,1048576,26.761,22.844,30.595,7
time,t1,clang18-libc++,pool64,sort,random,256,128,64,64,4096,1048576,36.676,29.140,52.039,7
time,t1,clang18-libc++,pool64,uset,random,256,128,64,64,4096,1048576,40.216,32.779,51.314,7
time,t1,clang18-libc++,pool64,flat,random,256,128,64,64,4096,1048576,18.961,15.086,26.656,7
time,t1,clang18-libc++,pool64,radix,random,256,128,64,64,4096,1048576,21.516,17.668,30.909,7
time,t1,clang18-libc++,pool_256K_elems,sort,random,256,128,1024,64,4096,1048576,40.628,29.778,57.777,7
time,t1,clang18-libc++,pool_256K_elems,uset,random,256,128,1024,64,4096,1048576,28.801,28.434,39.844,7
time,t1,clang18-libc++,pool_256K_elems,flat,random,256,128,1024,64,4096,1048576,22.982,19.181,30.995,7
time,t1,clang18-libc++,pool_256K_elems,radix,random,256,128,1024,64,4096,1048576,21.720,21.597,26.653,7
