model,alg,N,U,Ir,Dr,D1mr,DLmr,Dw,D1mw,DLmw
x86,sort,1048576,1048576,,,,,,,
x86,uset,1048576,1048576,,,,,,,
x86,flat,1048576,1048576,,,,,,,
x86,open,1048576,1048576,,,,,,,
x86,radix,1048576,1048576,,,,,,,
x86,sort,1048576,524288,,,,,,,
x86,uset,1048576,524288,,,,,,,
x86,flat,1048576,524288,,,,,,,
x86,open,1048576,524288,,,,,,,
x86,radix,1048576,524288,,,,,,,
x86,sort,524288,262144,,,,,,,
x86,uset,524288,262144,,,,,,,
x86,flat,524288,262144,,,,,,,
x86,open,524288,262144,,,,,,,
x86,radix,524288,262144,,,,,,,
appleP,sort,1048576,1048576,,,,,,,
appleP,uset,1048576,1048576,,,,,,,
appleP,flat,1048576,1048576,,,,,,,
appleP,open,1048576,1048576,,,,,,,
appleP,radix,1048576,1048576,,,,,,,
appleP,sort,1048576,524288,,,,,,,
appleP,uset,1048576,524288,,,,,,,
appleP,flat,1048576,524288,,,,,,,
appleP,open,1048576,524288,,,,,,,
appleP,radix,1048576,524288,,,,,,,
appleP,sort,524288,262144,,,,,,,
appleP,uset,524288,262144,,,,,,,
appleP,flat,524288,262144,,,,,,,
appleP,open,524288,262144,,,,,,,
appleP,radix,524288,262144,,,,,,,
appleE,sort,1048576,1048576,,,,,,,
appleE,uset,1048576,1048576,,,,,,,
appleE,flat,1048576,1048576,,,,,,,
appleE,open,1048576,1048576,,,,,,,
appleE,radix,1048576,1048576,,,,,,,
appleE,sort,1048576,524288,,,,,,,
appleE,uset,1048576,524288,,,,,,,
appleE,flat,1048576,524288,,,,,,,
appleE,open,1048576,524288,,,,,,,
appleE,radix,1048576,524288,,,,,,,
appleE,sort,524288,262144,,,,,,,
appleE,uset,524288,262144,,,,,,,
appleE,flat,524288,262144,,,,,,,
appleE,open,524288,262144,,,,,,,
appleE,radix,524288,262144,,,,,,,
